Employee_ID,First_Name,Last_Name,Age,Department_Region,Status,Join_Date,Salary,Email,Performance_Score,Remote_Work
EMP1000,Bob,Davis,25.0,DevOps-California,Active,2021-04-02,59767.65,bob.davis@example.com,Average,True
EMP1001,Bob,Brown,30.0,Finance-Texas,Active,2020-07-10,65304.66,bob.brown@example.com,Excellent,True
EMP1002,Alice,Jones,30.0,Admin-Nevada,Pending,2023-12-07,88145.9,alice.jones@example.com,Good,True
EMP1003,Eva,Davis,25.0,Admin-Nevada,Inactive,2021-11-27,69450.99,eva.davis@example.com,Good,True
EMP1004,Frank,Williams,25.0,Cloud Tech-Florida,Active,2022-01-05,109324.61,frank.williams@example.com,Poor,False
EMP1005,Alice,Garcia,40.0,Sales-Texas,Inactive,2020-06-10,88642.84,alice.garcia@example.com,Good,False
EMP1006,Frank,Jones,30.0,Admin-Nevada,Active,2020-04-03,96288.43,frank.jones@example.com,Good,False
EMP1007,Bob,Jones,30.0,Cloud Tech-Florida,Inactive,2022-07-17,94497.91,bob.jones@example.com,Average,True
EMP1008,Frank,Davis,35.0,Admin-Nevada,Inactive,2023-12-08,115565.82,frank.davis@example.com,Excellent,True
EMP1009,Charlie,Johnson,30.0,DevOps-New York,Active,2022-08-04,76561.88,charlie.johnson@example.com,Excellent,True
EMP1010,David,Williams,35.0,Cloud Tech-New York,Active,2024-07-06,72081.71,david.williams@example.com,Average,False
EMP1011,David,Davis,30.0,DevOps-California,Active,2023-09-04,84946.19,david.davis@example.com,Poor,True
EMP1012,Heidi,Williams,30.0,HR-New York,Active,2024-03-05,89295.77,heidi.williams@example.com,Excellent,False
EMP1013,Grace,Williams,30.0,Finance-California,Active,2020-10-10,85666.84,grace.williams@example.com,Good,False
EMP1014,Alice,Garcia,25.0,Admin-Nevada,Active,2024-06-10,97633.68,alice.garcia@example.com,Excellent,True
EMP1015,Grace,Jones,40.0,Sales-Florida,Pending,2021-05-29,117975.49,grace.jones@example.com,Good,True
EMP1016,Alice,Brown,25.0,DevOps-Illinois,Inactive,2024-04-23,94867.33,alice.brown@example.com,Poor,False
EMP1017,Grace,Garcia,30.0,Finance-Texas,Pending,2024-11-28,100377.65,grace.garcia@example.com,Average,True
EMP1018,Charlie,Garcia,30.0,Cloud Tech-Nevada,Inactive,2024-09-19,94726.46,charlie.garcia@example.com,Excellent,False
EMP1019,Charlie,Williams,35.0,Admin-Illinois,Pending,2020-01-02,91926.12,charlie.williams@example.com,Average,True
EMP1020,Bob,Miller,35.0,HR-New York,Active,2021-05-08,111460.67,bob.miller@example.com,Excellent,True
EMP1021,Bob,Jones,40.0,Cloud Tech-Illinois,Active,2020-09-19,96182.56,bob.jones@example.com,Good,False
EMP1022,Charlie,Johnson,35.0,Sales-Illinois,Inactive,2021-03-09,115023.94,charlie.johnson@example.com,Average,True
EMP1023,David,Garcia,35.0,Finance-Nevada,Pending,2022-02-03,80667.01,david.garcia@example.com,Excellent,False
EMP1024,Bob,Brown,30.0,Admin-Texas,Inactive,2020-02-13,91181.61,bob.brown@example.com,Good,True
EMP1025,David,Miller,25.0,Cloud Tech-Nevada,Pending,2020-04-30,66025.92,david.miller@example.com,Average,False
EMP1026,Frank,Miller,25.0,Sales-New York,Inactive,2023-10-02,83979.01,frank.miller@example.com,Average,False
EMP1027,Heidi,Johnson,30.0,Finance-Florida,Active,2020-07-12,56785.16,heidi.johnson@example.com,Excellent,True
EMP1028,Grace,Garcia,40.0,Finance-Nevada,Active,2023-10-11,95741.88,grace.garcia@example.com,Excellent,False
EMP1029,Alice,Brown,40.0,DevOps-California,Active,2021-05-24,63411.31,alice.brown@example.com,Excellent,True
EMP1030,Charlie,Jones,40.0,Admin-California,Inactive,2021-05-26,111214.02,charlie.jones@example.com,Good,True
EMP1031,Bob,Smith,25.0,DevOps-Illinois,Active,2020-07-10,114845.69,bob.smith@example.com,Excellent,True
EMP1032,Charlie,Brown,40.0,Finance-Florida,Active,2024-11-05,78072.82,charlie.brown@example.com,Average,False
EMP1033,Grace,Johnson,25.0,Finance-California,Inactive,2021-08-07,79610.52,grace.johnson@example.com,Average,False
EMP1034,Heidi,Miller,30.0,Admin-California,Active,2020-04-29,90542.62,heidi.miller@example.com,Excellent,True
EMP1035,Frank,Jones,25.0,Cloud Tech-Illinois,Inactive,2022-10-26,114357.1,frank.jones@example.com,Excellent,True
EMP1036,Alice,Brown,30.0,Cloud Tech-New York,Active,2023-05-03,54757.26,alice.brown@example.com,Poor,False
EMP1037,Grace,Smith,25.0,Sales-New York,Pending,2023-05-02,52781.92,grace.smith@example.com,Average,True
EMP1038,Frank,Smith,35.0,Admin-Nevada,Pending,2021-10-05,66708.02,frank.smith@example.com,Good,True
EMP1039,Eva,Williams,40.0,HR-Texas,Active,2022-07-27,93481.15,eva.williams@example.com,Poor,False
EMP1040,Bob,Williams,25.0,Sales-New York,Pending,2021-06-27,59271.96,bob.williams@example.com,Excellent,True
EMP1041,Bob,Davis,30.0,HR-California,Active,2022-06-16,108362.15,bob.davis@example.com,Excellent,False
EMP1042,Alice,Johnson,30.0,HR-Nevada,Active,2024-12-03,59400.38,alice.johnson@example.com,Average,True
EMP1043,Bob,Garcia,30.0,Admin-California,Inactive,2023-05-23,64744.08,bob.garcia@example.com,Excellent,False
EMP1044,Eva,Brown,30.0,Finance-California,Active,2020-07-08,94399.91,eva.brown@example.com,Good,True
EMP1045,Alice,Brown,25.0,HR-New York,Pending,2021-06-20,61310.74,alice.brown@example.com,Average,True
EMP1046,Grace,Garcia,30.0,Cloud Tech-Texas,Active,2024-12-13,98371.37,grace.garcia@example.com,Excellent,False
EMP1047,Alice,Davis,35.0,Sales-Illinois,Active,2022-05-30,58921.19,alice.davis@example.com,Average,True
EMP1048,Alice,Miller,35.0,Admin-Nevada,Active,2023-09-27,57195.55,alice.miller@example.com,Excellent,False
EMP1049,Grace,Miller,30.0,DevOps-New York,Active,2024-11-05,61375.12,grace.miller@example.com,Excellent,True
EMP1050,Charlie,Davis,40.0,Cloud Tech-New York,Pending,2021-11-11,104767.05,charlie.davis@example.com,Excellent,False
EMP1051,David,Miller,35.0,Admin-Nevada,Active,2022-02-22,111051.67,david.miller@example.com,Good,False
EMP1052,David,Williams,30.0,Finance-California,Inactive,2024-08-07,105674.18,david.williams@example.com,Good,False
EMP1053,Alice,Brown,30.0,Finance-California,Inactive,2024-11-05,54859.45,alice.brown@example.com,Average,False
EMP1054,Frank,Davis,30.0,Finance-Nevada,Pending,2021-11-09,115746.6,frank.davis@example.com,Excellent,True
EMP1055,Eva,Brown,30.0,Sales-California,Active,2020-08-10,91759.99,eva.brown@example.com,Excellent,True
EMP1056,Frank,Garcia,40.0,Sales-Illinois,Active,2022-02-27,112965.33,frank.garcia@example.com,Good,False
EMP1057,Alice,Smith,40.0,Cloud Tech-Illinois,Pending,2023-11-07,100360.1,alice.smith@example.com,Excellent,False
EMP1058,David,Williams,35.0,Finance-Texas,Pending,2021-11-07,93620.88,david.williams@example.com,Good,False
EMP1059,Bob,Jones,35.0,Sales-California,Pending,2022-04-16,72832.8,bob.jones@example.com,Excellent,True
EMP1060,Charlie,Williams,30.0,Finance-Nevada,Inactive,2023-10-19,102369.42,charlie.williams@example.com,Average,True
EMP1061,Eva,Davis,40.0,Sales-Texas,Inactive,2021-08-10,64712.79,eva.davis@example.com,Excellent,True
EMP1062,Frank,Jones,40.0,Finance-Florida,Pending,2021-03-13,85782.18,frank.jones@example.com,Excellent,True
EMP1063,Charlie,Smith,25.0,HR-Illinois,Pending,2023-07-20,93348.26,charlie.smith@example.com,Poor,False
EMP1064,David,Davis,35.0,Admin-New York,Active,2020-02-20,53234.96,david.davis@example.com,Good,False
EMP1065,Bob,Johnson,40.0,Finance-Nevada,Pending,2021-02-02,100284.21,bob.johnson@example.com,Excellent,False
EMP1066,Grace,Brown,30.0,Admin-Nevada,Pending,2020-01-12,112486.19,grace.brown@example.com,Excellent,True
EMP1067,Bob,Smith,40.0,Admin-New York,Pending,2022-11-26,82518.49,bob.smith@example.com,Poor,True
EMP1068,Bob,Brown,40.0,Admin-Florida,Pending,2022-12-23,119152.47,bob.brown@example.com,Poor,True
EMP1069,Heidi,Miller,30.0,DevOps-Illinois,Inactive,2024-08-28,113479.83,heidi.miller@example.com,Good,False
EMP1070,Charlie,Johnson,40.0,Finance-California,Active,2024-09-16,94636.3,charlie.johnson@example.com,Poor,False
EMP1071,Heidi,Johnson,30.0,HR-Florida,Active,2024-01-01,70000.97,heidi.johnson@example.com,Average,True
EMP1072,Frank,Smith,30.0,Cloud Tech-New York,Active,2021-04-18,76812.47,frank.smith@example.com,Poor,False
EMP1073,David,Johnson,25.0,Finance-Florida,Inactive,2023-01-16,82614.7,david.johnson@example.com,Average,True
EMP1074,Grace,Jones,40.0,Sales-Nevada,Active,2024-10-20,111645.97,grace.jones@example.com,Good,True
EMP1075,Heidi,Johnson,25.0,HR-California,Inactive,2024-10-13,112414.91,heidi.johnson@example.com,Good,False
EMP1076,David,Brown,40.0,Admin-California,Inactive,2022-09-21,52031.74,david.brown@example.com,Good,True
EMP1077,Grace,Brown,30.0,Finance-New York,Pending,2022-12-29,51887.65,grace.brown@example.com,Good,False
EMP1078,Alice,Davis,25.0,DevOps-Florida,Active,2024-11-10,82318.89,alice.davis@example.com,Good,True
EMP1079,Grace,Brown,35.0,Admin-Florida,Inactive,2021-11-22,103286.08,grace.brown@example.com,Average,False
EMP1080,Grace,Davis,35.0,Cloud Tech-Florida,Active,2024-03-14,87759.33,grace.davis@example.com,Average,False
EMP1081,Frank,Brown,30.0,DevOps-Texas,Pending,2020-03-23,102796.32,frank.brown@example.com,Good,False
EMP1082,David,Jones,25.0,Sales-New York,Active,2020-09-15,83149.27,david.jones@example.com,Poor,True
EMP1083,David,Garcia,40.0,DevOps-California,Inactive,2020-12-09,92412.49,david.garcia@example.com,Excellent,True
EMP1084,Bob,Davis,30.0,HR-Texas,Pending,2020-02-22,115022.1,bob.davis@example.com,Good,False
EMP1085,Grace,Williams,40.0,DevOps-New York,Active,2023-04-27,98343.01,grace.williams@example.com,Poor,False
EMP1086,Bob,Miller,35.0,DevOps-Illinois,Active,2024-06-18,118869.1,bob.miller@example.com,Excellent,True
EMP1087,Frank,Smith,30.0,Finance-Nevada,Inactive,2020-05-21,85417.26,frank.smith@example.com,Good,True
EMP1088,Grace,Brown,40.0,Cloud Tech-Florida,Inactive,2023-07-25,112410.25,grace.brown@example.com,Good,True
EMP1089,Charlie,Johnson,40.0,Admin-Nevada,Pending,2023-08-25,68905.77,charlie.johnson@example.com,Average,False
EMP1090,Heidi,Garcia,40.0,Finance-Nevada,Pending,2021-07-03,72561.32,heidi.garcia@example.com,Excellent,True
EMP1091,Bob,Brown,35.0,Finance-New York,Inactive,2023-03-13,92723.22,bob.brown@example.com,Excellent,True
EMP1092,Alice,Johnson,40.0,HR-New York,Inactive,2021-03-10,74837.75,alice.johnson@example.com,Poor,False
EMP1093,Eva,Miller,30.0,DevOps-California,Pending,2020-01-21,86163.91,eva.miller@example.com,Average,True
EMP1094,David,Miller,40.0,Finance-Illinois,Active,2023-11-15,83326.52,david.miller@example.com,Average,True
EMP1095,Heidi,Miller,25.0,Cloud Tech-California,Active,2022-04-08,98425.1,heidi.miller@example.com,Average,True
EMP1096,Frank,Johnson,40.0,Sales-Illinois,Inactive,2022-05-21,119764.2,frank.johnson@example.com,Average,False
EMP1097,Frank,Brown,40.0,HR-California,Inactive,2021-04-17,58445.91,frank.brown@example.com,Excellent,False
EMP1098,Bob,Miller,30.0,DevOps-New York,Active,2021-03-19,101702.33,bob.miller@example.com,Excellent,False
EMP1099,Eva,Jones,25.0,Admin-California,Active,2022-01-09,85547.87,eva.jones@example.com,Good,False
EMP1100,Charlie,Davis,35.0,Cloud Tech-Texas,Pending,2021-08-21,98819.22,charlie.davis@example.com,Good,False
EMP1101,Heidi,Johnson,25.0,Cloud Tech-Illinois,Inactive,2022-08-19,83509.99,heidi.johnson@example.com,Average,False
EMP1102,Alice,Johnson,35.0,Finance-Texas,Active,2022-03-31,84422.26,alice.johnson@example.com,Average,False
EMP1103,Alice,Brown,30.0,Admin-Illinois,Inactive,2020-06-23,119574.27,alice.brown@example.com,Average,True
EMP1104,Grace,Johnson,30.0,Sales-Illinois,Active,2024-05-07,86580.08,grace.johnson@example.com,Good,True
EMP1105,Heidi,Johnson,35.0,Sales-Florida,Inactive,2023-03-10,93471.91,heidi.johnson@example.com,Poor,False
EMP1106,Bob,Miller,30.0,DevOps-New York,Inactive,2023-09-14,55683.12,bob.miller@example.com,Poor,True
EMP1107,Bob,Brown,30.0,Cloud Tech-Florida,Inactive,2023-11-12,91566.78,bob.brown@example.com,Good,True
EMP1108,David,Miller,35.0,DevOps-California,Pending,2024-10-26,81782.19,david.miller@example.com,Good,False
EMP1109,Eva,Davis,30.0,DevOps-New York,Inactive,2020-08-23,88119.37,eva.davis@example.com,Good,True
EMP1110,Eva,Garcia,30.0,Cloud Tech-Texas,Active,2024-06-11,71532.83,eva.garcia@example.com,Good,True
EMP1111,Eva,Davis,40.0,Cloud Tech-Florida,Pending,2021-09-14,98981.36,eva.davis@example.com,Good,True
EMP1112,Heidi,Garcia,40.0,Cloud Tech-Illinois,Active,2024-12-26,80242.01,heidi.garcia@example.com,Good,True
EMP1113,Eva,Miller,25.0,Cloud Tech-New York,Pending,2024-09-08,110236.18,eva.miller@example.com,Average,True
EMP1114,Alice,Davis,35.0,Sales-Texas,Active,2022-08-21,86327.47,alice.davis@example.com,Average,False
EMP1115,Eva,Brown,30.0,Sales-Florida,Pending,2024-07-25,84420.81,eva.brown@example.com,Average,False
EMP1116,Frank,Smith,40.0,HR-California,Pending,2020-08-02,110041.32,frank.smith@example.com,Average,False
EMP1117,Heidi,Miller,35.0,DevOps-Florida,Pending,2020-03-16,81837.81,heidi.miller@example.com,Good,True
EMP1118,Frank,Garcia,25.0,Finance-Illinois,Active,2023-09-08,110855.72,frank.garcia@example.com,Poor,False
EMP1119,Alice,Jones,30.0,Sales-California,Pending,2024-03-29,84894.52,alice.jones@example.com,Excellent,True
EMP1120,Alice,Garcia,30.0,HR-Illinois,Active,2021-08-12,80668.13,alice.garcia@example.com,Good,True
EMP1121,Bob,Jones,25.0,DevOps-Illinois,Active,2023-12-24,61086.47,bob.jones@example.com,Excellent,True
EMP1122,Grace,Johnson,25.0,Admin-Texas,Inactive,2020-08-28,95339.68,grace.johnson@example.com,Poor,True
EMP1123,Eva,Davis,30.0,DevOps-California,Inactive,2024-09-05,83774.97,eva.davis@example.com,Average,False
EMP1124,Heidi,Jones,30.0,Admin-Florida,Active,2023-05-12,85576.86,heidi.jones@example.com,Poor,False
EMP1125,Bob,Garcia,35.0,Finance-California,Pending,2021-07-01,107438.46,bob.garcia@example.com,Good,True
EMP1126,Eva,Johnson,30.0,Sales-Nevada,Inactive,2024-11-07,60401.68,eva.johnson@example.com,Average,False
EMP1127,Frank,Smith,35.0,Sales-Illinois,Inactive,2022-07-21,115299.66,frank.smith@example.com,Good,True
EMP1128,David,Brown,30.0,Finance-New York,Inactive,2020-03-30,72272.34,david.brown@example.com,Average,False
EMP1129,Grace,Brown,40.0,DevOps-Nevada,Active,2022-10-11,117537.71,grace.brown@example.com,Excellent,False
EMP1130,Frank,Brown,25.0,Finance-Texas,Pending,2022-07-24,51074.33,frank.brown@example.com,Excellent,True
EMP1131,Charlie,Jones,25.0,Finance-California,Inactive,2023-06-30,98489.32,charlie.jones@example.com,Excellent,False
EMP1132,Frank,Smith,30.0,Finance-California,Pending,2024-01-11,112120.71,frank.smith@example.com,Poor,True
EMP1133,Alice,Jones,30.0,Cloud Tech-New York,Pending,2023-11-02,114465.04,alice.jones@example.com,Good,False
EMP1134,Bob,Davis,40.0,Cloud Tech-Nevada,Pending,2024-11-22,57035.51,bob.davis@example.com,Poor,True
EMP1135,Eva,Jones,25.0,Cloud Tech-California,Active,2021-08-23,75092.43,eva.jones@example.com,Excellent,True
EMP1136,David,Smith,30.0,Finance-Illinois,Pending,2024-06-11,62603.98,david.smith@example.com,Good,False
EMP1137,Grace,Smith,30.0,DevOps-New York,Inactive,2023-04-09,60018.24,grace.smith@example.com,Excellent,False
EMP1138,Eva,Davis,40.0,HR-Nevada,Active,2024-07-05,82567.73,eva.davis@example.com,Poor,True
EMP1139,Charlie,Smith,25.0,Finance-California,Pending,2021-09-04,94725.71,charlie.smith@example.com,Poor,False
EMP1140,Eva,Garcia,40.0,HR-New York,Inactive,2024-10-13,83824.56,eva.garcia@example.com,Poor,False
EMP1141,Frank,Smith,30.0,HR-Nevada,Inactive,2020-02-14,118456.11,frank.smith@example.com,Excellent,True
EMP1142,Eva,Brown,25.0,Sales-Nevada,Pending,2020-04-10,113743.19,eva.brown@example.com,Good,True
EMP1143,Eva,Garcia,30.0,Sales-California,Active,2023-07-27,63309.24,eva.garcia@example.com,Good,False
EMP1144,Charlie,Garcia,25.0,DevOps-Nevada,Active,2021-09-24,105202.73,charlie.garcia@example.com,Excellent,True
EMP1145,Frank,Davis,30.0,Cloud Tech-California,Inactive,2024-03-10,79085.22,frank.davis@example.com,Good,True
EMP1146,Frank,Williams,30.0,Sales-California,Active,2021-06-10,113983.43,frank.williams@example.com,Excellent,True
EMP1147,Eva,Williams,35.0,Cloud Tech-Florida,Active,2020-10-15,102790.6,eva.williams@example.com,Good,False
EMP1148,Grace,Smith,30.0,HR-Texas,Inactive,2020-01-29,68512.1,grace.smith@example.com,Average,False
EMP1149,Frank,Garcia,35.0,Sales-Florida,Pending,2022-01-30,57584.23,frank.garcia@example.com,Average,True
EMP1150,Alice,Williams,30.0,Sales-California,Pending,2021-03-29,95335.67,alice.williams@example.com,Poor,False
EMP1151,Heidi,Williams,35.0,DevOps-Florida,Active,2020-10-13,53174.28,heidi.williams@example.com,Average,True
EMP1152,Heidi,Smith,25.0,Cloud Tech-New York,Pending,2020-10-04,77205.21,heidi.smith@example.com,Average,False
EMP1153,Grace,Williams,30.0,DevOps-Nevada,Active,2024-12-18,79041.92,grace.williams@example.com,Average,True
EMP1154,Heidi,Jones,30.0,Finance-California,Active,2023-11-14,75937.1,heidi.jones@example.com,Excellent,True
EMP1155,David,Johnson,35.0,Cloud Tech-Nevada,Inactive,2023-01-20,113118.73,david.johnson@example.com,Average,False
EMP1156,Alice,Davis,40.0,HR-New York,Active,2024-10-02,107693.38,alice.davis@example.com,Average,True
EMP1157,David,Johnson,30.0,Cloud Tech-Texas,Inactive,2021-05-13,119217.46,david.johnson@example.com,Poor,False
EMP1158,David,Smith,25.0,Sales-New York,Pending,2021-03-18,106913.71,david.smith@example.com,Average,False
EMP1159,Charlie,Brown,30.0,Cloud Tech-California,Active,2020-09-23,87815.08,charlie.brown@example.com,Average,True
EMP1160,Bob,Davis,25.0,Admin-Texas,Inactive,2024-06-05,105190.21,bob.davis@example.com,Good,True
EMP1161,Alice,Smith,30.0,HR-Texas,Active,2024-02-28,79467.24,alice.smith@example.com,Poor,False
EMP1162,Bob,Garcia,40.0,Finance-California,Pending,2023-04-30,57633.78,bob.garcia@example.com,Poor,True
EMP1163,Alice,Brown,30.0,HR-Florida,Pending,2020-03-04,54257.78,alice.brown@example.com,Poor,True
EMP1164,Grace,Johnson,40.0,DevOps-Texas,Inactive,2023-12-29,113679.06,grace.johnson@example.com,Poor,True
EMP1165,Bob,Smith,35.0,Sales-New York,Active,2020-09-15,69251.12,bob.smith@example.com,Poor,True
EMP1166,Frank,Garcia,40.0,Sales-Illinois,Inactive,2022-07-18,85388.58,frank.garcia@example.com,Poor,True
EMP1167,Bob,Davis,30.0,DevOps-New York,Inactive,2022-07-13,112166.37,bob.davis@example.com,Excellent,False
EMP1168,Heidi,Davis,40.0,Finance-Nevada,Active,2021-10-02,79873.48,heidi.davis@example.com,Average,False
EMP1169,Frank,Miller,30.0,DevOps-Florida,Active,2020-07-05,108224.03,frank.miller@example.com,Poor,True
EMP1170,Bob,Garcia,35.0,Admin-Illinois,Active,2023-04-16,116963.72,bob.garcia@example.com,Average,True
EMP1171,Bob,Jones,40.0,HR-Nevada,Inactive,2024-11-12,114109.06,bob.jones@example.com,Average,True
EMP1172,Eva,Williams,30.0,HR-California,Active,2023-03-29,85518.88,eva.williams@example.com,Excellent,False
EMP1173,Heidi,Brown,30.0,Cloud Tech-California,Pending,2022-01-22,58041.97,heidi.brown@example.com,Poor,True
EMP1174,David,Garcia,40.0,Sales-Illinois,Pending,2023-10-14,94988.94,david.garcia@example.com,Good,False
EMP1175,Eva,Miller,25.0,Admin-California,Pending,2024-04-10,71628.93,eva.miller@example.com,Excellent,False
EMP1176,Alice,Williams,30.0,Admin-Illinois,Pending,2022-03-31,54870.98,alice.williams@example.com,Good,False
EMP1177,Alice,Williams,25.0,DevOps-Illinois,Active,2022-02-09,79388.27,alice.williams@example.com,Average,True
EMP1178,Frank,Smith,35.0,DevOps-California,Pending,2023-05-06,55946.99,frank.smith@example.com,Average,False
EMP1179,Charlie,Williams,30.0,Cloud Tech-Nevada,Active,2021-07-11,81017.91,charlie.williams@example.com,Excellent,True
EMP1180,Heidi,Jones,40.0,HR-New York,Pending,2020-08-21,74162.1,heidi.jones@example.com,Excellent,False
EMP1181,Heidi,Davis,30.0,DevOps-California,Active,2021-03-27,77668.44,heidi.davis@example.com,Good,True
EMP1182,Alice,Miller,30.0,HR-New York,Active,2024-04-14,67886.37,alice.miller@example.com,Poor,False
EMP1183,Alice,Williams,40.0,DevOps-Florida,Active,2020-09-21,76614.52,alice.williams@example.com,Good,True
EMP1184,Frank,Smith,25.0,Finance-Nevada,Active,2022-06-12,51311.91,frank.smith@example.com,Excellent,False
EMP1185,Frank,Jones,30.0,Finance-Illinois,Inactive,2023-12-24,94809.92,frank.jones@example.com,Good,True
EMP1186,Grace,Johnson,25.0,HR-New York,Pending,2022-07-31,108241.81,grace.johnson@example.com,Excellent,True
EMP1187,Bob,Davis,40.0,Cloud Tech-New York,Inactive,2023-04-21,78031.49,bob.davis@example.com,Good,True
EMP1188,Eva,Davis,35.0,Admin-California,Active,2020-06-05,85733.83,eva.davis@example.com,Excellent,True
EMP1189,David,Miller,35.0,HR-Nevada,Pending,2024-07-27,60338.29,david.miller@example.com,Excellent,False
EMP1190,Eva,Davis,30.0,Admin-Illinois,Active,2024-04-05,103140.67,eva.davis@example.com,Excellent,False
EMP1191,Heidi,Williams,40.0,Sales-Illinois,Inactive,2023-10-26,114690.8,heidi.williams@example.com,Poor,True
EMP1192,Frank,Smith,35.0,Admin-Florida,Active,2022-08-18,80954.56,frank.smith@example.com,Good,False
EMP1193,Eva,Davis,30.0,Cloud Tech-California,Pending,2020-05-31,71728.55,eva.davis@example.com,Good,True
EMP1194,Alice,Davis,35.0,HR-Texas,Pending,2024-11-04,118415.8,alice.davis@example.com,Good,True
EMP1195,Grace,Johnson,40.0,Sales-Illinois,Pending,2020-03-25,81481.36,grace.johnson@example.com,Excellent,False
EMP1196,David,Johnson,35.0,Sales-Florida,Pending,2020-11-04,117040.57,david.johnson@example.com,Good,True
EMP1197,Frank,Brown,25.0,Sales-Nevada,Active,2020-03-21,67342.06,frank.brown@example.com,Good,True
EMP1198,Heidi,Jones,30.0,Sales-Illinois,Active,2022-01-15,76099.64,heidi.jones@example.com,Excellent,False
EMP1199,Grace,Williams,35.0,DevOps-Illinois,Active,2024-06-04,94162.06,grace.williams@example.com,Average,True
EMP1200,Frank,Davis,25.0,Sales-Nevada,Inactive,2021-08-04,67639.7,frank.davis@example.com,Excellent,True
EMP1201,Charlie,Garcia,35.0,Cloud Tech-Illinois,Pending,2020-10-16,114172.25,charlie.garcia@example.com,Good,True
EMP1202,Grace,Davis,30.0,Sales-Nevada,Active,2021-09-26,89124.54,grace.davis@example.com,Excellent,True
EMP1203,Frank,Smith,30.0,DevOps-Nevada,Pending,2023-11-04,113871.36,frank.smith@example.com,Average,False
EMP1204,Grace,Brown,30.0,HR-Texas,Inactive,2021-09-24,62618.4,grace.brown@example.com,Excellent,False
EMP1205,Heidi,Jones,30.0,Admin-New York,Active,2020-06-07,70705.45,heidi.jones@example.com,Good,False
EMP1206,Alice,Garcia,35.0,Sales-New York,Pending,2022-02-10,60797.69,alice.garcia@example.com,Average,True
EMP1207,Charlie,Brown,40.0,Cloud Tech-Florida,Inactive,2023-10-17,100371.0,charlie.brown@example.com,Poor,True
EMP1208,Eva,Miller,40.0,Admin-Illinois,Active,2021-09-25,117591.76,eva.miller@example.com,Good,False
EMP1209,David,Jones,35.0,DevOps-Illinois,Inactive,2022-08-03,103860.7,david.jones@example.com,Average,True
EMP1210,Grace,Davis,30.0,Admin-Illinois,Active,2024-11-22,67500.22,grace.davis@example.com,Average,True
EMP1211,Frank,Davis,30.0,Cloud Tech-Nevada,Pending,2024-10-09,58727.44,frank.davis@example.com,Poor,True
EMP1212,Charlie,Jones,35.0,Finance-Illinois,Active,2024-08-28,80623.08,charlie.jones@example.com,Excellent,True
EMP1213,David,Davis,40.0,HR-Texas,Inactive,2020-04-19,77751.78,david.davis@example.com,Excellent,False
EMP1214,Grace,Williams,25.0,HR-New York,Active,2021-10-14,115157.81,grace.williams@example.com,Good,False
EMP1215,Frank,Jones,30.0,Admin-Texas,Inactive,2024-08-26,83071.85,frank.jones@example.com,Poor,False
EMP1216,Heidi,Brown,40.0,Sales-Texas,Active,2020-02-08,67914.67,heidi.brown@example.com,Excellent,True
EMP1217,Grace,Jones,25.0,HR-New York,Inactive,2020-09-06,53342.46,grace.jones@example.com,Poor,False
EMP1218,Heidi,Garcia,25.0,Cloud Tech-Florida,Pending,2023-01-02,51150.47,heidi.garcia@example.com,Excellent,False
EMP1219,David,Davis,30.0,HR-Florida,Active,2023-06-13,74697.12,david.davis@example.com,Average,True
EMP1220,Charlie,Williams,25.0,Sales-California,Active,2022-12-13,88085.74,charlie.williams@example.com,Excellent,True
EMP1221,Alice,Williams,40.0,Finance-Texas,Pending,2022-03-03,118672.76,alice.williams@example.com,Poor,False
EMP1222,Alice,Miller,35.0,Cloud Tech-California,Active,2024-02-10,95997.31,alice.miller@example.com,Average,False
EMP1223,Frank,Brown,30.0,Cloud Tech-California,Pending,2021-11-24,106945.62,frank.brown@example.com,Average,False
EMP1224,Heidi,Johnson,40.0,DevOps-New York,Active,2020-05-09,100123.15,heidi.johnson@example.com,Average,False
EMP1225,Alice,Johnson,35.0,Admin-Texas,Active,2024-12-19,52933.42,alice.johnson@example.com,Poor,True
EMP1226,Grace,Jones,30.0,Finance-California,Active,2024-03-22,95283.03,grace.jones@example.com,Good,False
EMP1227,Alice,Miller,35.0,HR-Texas,Inactive,2022-06-13,112264.06,alice.miller@example.com,Good,False
EMP1228,Grace,Smith,35.0,Admin-Florida,Pending,2022-10-15,75714.28,grace.smith@example.com,Good,True
EMP1229,Eva,Jones,25.0,DevOps-Florida,Active,2022-05-31,92171.73,eva.jones@example.com,Poor,False
EMP1230,Eva,Miller,35.0,Cloud Tech-Texas,Inactive,2023-09-15,70694.8,eva.miller@example.com,Average,True
EMP1231,Grace,Brown,30.0,DevOps-Florida,Inactive,2022-07-04,52964.86,grace.brown@example.com,Good,True
EMP1232,Frank,Brown,30.0,Finance-California,Pending,2024-06-08,116353.31,frank.brown@example.com,Poor,True
EMP1233,Grace,Brown,35.0,Sales-Nevada,Pending,2020-11-23,116695.26,grace.brown@example.com,Good,False
EMP1234,Heidi,Brown,25.0,Admin-Texas,Active,2024-05-13,95161.4,heidi.brown@example.com,Excellent,False
EMP1235,Alice,Brown,30.0,Admin-Nevada,Inactive,2022-01-29,76040.94,alice.brown@example.com,Good,True
EMP1236,Charlie,Miller,30.0,HR-Florida,Inactive,2023-08-23,69508.28,charlie.miller@example.com,Good,False
EMP1237,Alice,Miller,30.0,Finance-Illinois,Inactive,2023-02-24,58243.27,alice.miller@example.com,Average,False
EMP1238,Heidi,Williams,30.0,Sales-California,Pending,2022-10-02,64012.48,heidi.williams@example.com,Poor,True
EMP1239,Bob,Garcia,40.0,Admin-Nevada,Inactive,2020-06-28,106735.93,bob.garcia@example.com,Average,True
EMP1240,Frank,Johnson,35.0,DevOps-Texas,Pending,2023-01-15,70325.36,frank.johnson@example.com,Average,False
EMP1241,Charlie,Davis,30.0,HR-Illinois,Active,2020-09-05,118959.28,charlie.davis@example.com,Average,True
EMP1242,David,Brown,40.0,Cloud Tech-California,Pending,2023-03-18,75823.78,david.brown@example.com,Average,False
EMP1243,Charlie,Smith,30.0,Cloud Tech-Texas,Inactive,2022-03-26,119971.65,charlie.smith@example.com,Average,False
EMP1244,Grace,Davis,40.0,Sales-Texas,Active,2021-10-11,94963.7,grace.davis@example.com,Good,False
EMP1245,Frank,Miller,30.0,Sales-Nevada,Pending,2021-01-07,103744.71,frank.miller@example.com,Average,False
EMP1246,Alice,Smith,25.0,Sales-New York,Inactive,2020-12-03,61337.69,alice.smith@example.com,Average,True
EMP1247,David,Smith,35.0,Sales-California,Active,2021-05-28,63741.13,david.smith@example.com,Poor,True
EMP1248,Eva,Smith,30.0,DevOps-California,Pending,2022-12-28,56539.99,eva.smith@example.com,Excellent,True
EMP1249,Charlie,Williams,30.0,DevOps-Illinois,Pending,2023-05-24,73633.37,charlie.williams@example.com,Good,True
EMP1250,Alice,Miller,25.0,Cloud Tech-Texas,Pending,2024-04-28,90373.99,alice.miller@example.com,Good,False
EMP1251,Grace,Smith,30.0,DevOps-Texas,Inactive,2024-12-25,93901.48,grace.smith@example.com,Good,False
EMP1252,Eva,Brown,40.0,Admin-Nevada,Inactive,2021-09-01,81748.09,eva.brown@example.com,Average,True
EMP1253,Charlie,Jones,40.0,Finance-Florida,Inactive,2021-02-21,73813.48,charlie.jones@example.com,Average,False
EMP1254,Frank,Smith,35.0,Finance-New York,Inactive,2022-11-20,89315.59,frank.smith@example.com,Average,False
EMP1255,Heidi,Williams,25.0,HR-Florida,Active,2020-10-15,56776.82,heidi.williams@example.com,Poor,False
EMP1256,Grace,Davis,30.0,Finance-New York,Active,2024-07-24,72920.51,grace.davis@example.com,Excellent,True
EMP1257,Frank,Miller,30.0,Admin-Florida,Pending,2022-08-14,84913.18,frank.miller@example.com,Average,True
EMP1258,Alice,Garcia,25.0,Finance-Illinois,Inactive,2021-05-08,65060.11,alice.garcia@example.com,Excellent,True
EMP1259,Alice,Williams,35.0,Finance-Illinois,Pending,2023-10-09,82941.08,alice.williams@example.com,Poor,False
EMP1260,Bob,Smith,40.0,Admin-California,Pending,2022-01-19,103469.97,bob.smith@example.com,Good,True
EMP1261,Grace,Miller,25.0,Sales-Illinois,Active,2022-01-12,88725.6,grace.miller@example.com,Average,True
EMP1262,Heidi,Jones,30.0,HR-Illinois,Pending,2023-06-05,58316.77,heidi.jones@example.com,Excellent,True
EMP1263,Grace,Smith,35.0,HR-Illinois,Inactive,2024-03-26,60098.72,grace.smith@example.com,Excellent,True
EMP1264,Grace,Williams,30.0,Cloud Tech-Texas,Active,2020-10-07,99951.43,grace.williams@example.com,Average,True
EMP1265,Heidi,Johnson,30.0,Sales-Illinois,Active,2021-11-02,115195.81,heidi.johnson@example.com,Good,True
EMP1266,Grace,Brown,30.0,DevOps-California,Pending,2021-11-19,85512.05,grace.brown@example.com,Good,False
EMP1267,Heidi,Garcia,30.0,HR-Florida,Active,2022-01-24,73186.77,heidi.garcia@example.com,Good,False
EMP1268,Grace,Davis,30.0,HR-Nevada,Pending,2023-07-12,51865.3,grace.davis@example.com,Poor,True
EMP1269,David,Williams,25.0,Sales-Florida,Active,2022-12-09,94031.77,david.williams@example.com,Excellent,True
EMP1270,Grace,Miller,30.0,DevOps-New York,Active,2023-03-18,116374.36,grace.miller@example.com,Excellent,False
EMP1271,Alice,Garcia,40.0,HR-Florida,Active,2022-04-25,98335.02,alice.garcia@example.com,Excellent,False
EMP1272,Heidi,Garcia,25.0,DevOps-New York,Pending,2021-02-28,89262.07,heidi.garcia@example.com,Poor,True
EMP1273,Heidi,Garcia,30.0,Finance-California,Active,2022-07-30,113848.69,heidi.garcia@example.com,Excellent,True
EMP1274,Frank,Smith,35.0,Sales-Florida,Active,2021-05-19,69530.45,frank.smith@example.com,Poor,True
EMP1275,Eva,Brown,35.0,DevOps-New York,Pending,2023-12-14,84230.22,eva.brown@example.com,Good,True
EMP1276,Eva,Smith,35.0,Cloud Tech-Illinois,Pending,2023-01-17,76578.59,eva.smith@example.com,Average,False
EMP1277,Frank,Miller,30.0,HR-Texas,Inactive,2024-01-02,55532.06,frank.miller@example.com,Excellent,True
EMP1278,Eva,Smith,40.0,Admin-New York,Pending,2021-07-09,115311.68,eva.smith@example.com,Excellent,True
EMP1279,Charlie,Johnson,25.0,Sales-Nevada,Pending,2021-05-05,66972.06,charlie.johnson@example.com,Good,True
EMP1280,David,Brown,30.0,Cloud Tech-Texas,Inactive,2021-11-07,100215.06,david.brown@example.com,Average,True
EMP1281,Charlie,Brown,25.0,Sales-New York,Inactive,2023-08-30,115452.25,charlie.brown@example.com,Poor,False
EMP1282,Heidi,Miller,30.0,HR-California,Inactive,2023-08-15,54141.38,heidi.miller@example.com,Average,False
EMP1283,David,Davis,30.0,DevOps-Nevada,Active,2020-12-24,79251.95,david.davis@example.com,Good,False
EMP1284,Alice,Johnson,40.0,Finance-New York,Pending,2024-11-21,114822.78,alice.johnson@example.com,Good,True
EMP1285,Alice,Williams,35.0,Sales-Illinois,Active,2021-11-17,69919.32,alice.williams@example.com,Average,True
EMP1286,Heidi,Smith,30.0,Sales-Florida,Inactive,2021-01-29,106616.97,heidi.smith@example.com,Poor,False
EMP1287,Heidi,Jones,35.0,DevOps-New York,Active,2024-02-17,73597.85,heidi.jones@example.com,Poor,True
EMP1288,David,Smith,30.0,Sales-Nevada,Inactive,2024-08-20,79939.23,david.smith@example.com,Excellent,True
EMP1289,Grace,Garcia,25.0,Admin-New York,Inactive,2021-10-24,85547.87,grace.garcia@example.com,Poor,False
EMP1290,Grace,Smith,30.0,Finance-California,Inactive,2021-09-10,90772.25,grace.smith@example.com,Average,False
EMP1291,Eva,Williams,35.0,DevOps-New York,Active,2023-09-29,58275.74,eva.williams@example.com,Good,False
EMP1292,Grace,Smith,30.0,DevOps-California,Pending,2020-08-28,94709.79,grace.smith@example.com,Excellent,False
EMP1293,Frank,Johnson,30.0,Admin-New York,Active,2022-09-06,60722.99,frank.johnson@example.com,Excellent,True
EMP1294,Frank,Johnson,40.0,DevOps-Illinois,Inactive,2024-03-31,87626.24,frank.johnson@example.com,Good,True
EMP1295,David,Brown,30.0,DevOps-Illinois,Active,2022-12-12,81272.36,david.brown@example.com,Poor,False
EMP1296,Bob,Miller,30.0,Cloud Tech-Texas,Pending,2022-11-01,64150.97,bob.miller@example.com,Good,True
EMP1297,Charlie,Davis,35.0,Sales-Florida,Active,2023-10-25,64378.1,charlie.davis@example.com,Poor,False
EMP1298,Bob,Jones,30.0,Finance-Texas,Inactive,2020-09-27,85927.35,bob.jones@example.com,Good,False
EMP1299,Alice,Garcia,30.0,Finance-Nevada,Inactive,2024-01-21,51523.93,alice.garcia@example.com,Average,True
EMP1300,Alice,Smith,30.0,Sales-Texas,Active,2022-05-17,74117.02,alice.smith@example.com,Poor,False
EMP1301,Alice,Smith,25.0,Finance-Texas,Inactive,2022-04-17,62598.69,alice.smith@example.com,Average,True
EMP1302,Grace,Williams,35.0,Finance-Florida,Inactive,2022-02-08,55617.5,grace.williams@example.com,Excellent,True
EMP1303,Charlie,Miller,35.0,Cloud Tech-New York,Pending,2022-03-15,87018.98,charlie.miller@example.com,Good,True
EMP1304,David,Johnson,25.0,Cloud Tech-California,Inactive,2023-10-11,100336.58,david.johnson@example.com,Excellent,True
EMP1305,Grace,Jones,30.0,Admin-Florida,Inactive,2020-11-13,69295.48,grace.jones@example.com,Excellent,False
EMP1306,Bob,Brown,25.0,DevOps-Florida,Pending,2024-04-17,115536.66,bob.brown@example.com,Excellent,True
EMP1307,David,Johnson,30.0,Cloud Tech-Texas,Pending,2020-03-09,81250.87,david.johnson@example.com,Excellent,False
EMP1308,Alice,Garcia,30.0,DevOps-Texas,Inactive,2022-06-17,66403.75,alice.garcia@example.com,Good,False
EMP1309,Alice,Miller,30.0,Sales-California,Active,2024-07-28,114147.79,alice.miller@example.com,Excellent,False
EMP1310,Frank,Garcia,30.0,HR-New York,Pending,2022-12-03,65472.99,frank.garcia@example.com,Good,False
EMP1311,Alice,Davis,30.0,Sales-Nevada,Active,2023-07-06,97512.51,alice.davis@example.com,Good,True
EMP1312,Alice,Brown,35.0,DevOps-Nevada,Inactive,2024-05-28,86712.41,alice.brown@example.com,Average,True
EMP1313,Grace,Davis,30.0,HR-Florida,Active,2024-03-25,87654.98,grace.davis@example.com,Poor,False
EMP1314,David,Williams,35.0,DevOps-New York,Inactive,2020-04-28,89367.02,david.williams@example.com,Poor,False
EMP1315,Charlie,Garcia,40.0,Admin-California,Active,2021-11-07,95269.41,charlie.garcia@example.com,Good,True
EMP1316,Frank,Williams,25.0,Sales-Nevada,Active,2020-04-15,68792.31,frank.williams@example.com,Average,False
EMP1317,Alice,Smith,25.0,Admin-Illinois,Pending,2023-10-07,89119.53,alice.smith@example.com,Good,True
EMP1318,Frank,Davis,35.0,Cloud Tech-New York,Active,2024-02-27,58212.13,frank.davis@example.com,Good,False
EMP1319,Heidi,Miller,30.0,DevOps-Illinois,Pending,2021-02-22,77764.24,heidi.miller@example.com,Good,True
EMP1320,Frank,Garcia,35.0,Finance-Florida,Pending,2023-08-21,75148.17,frank.garcia@example.com,Average,False
EMP1321,Heidi,Jones,40.0,Cloud Tech-Nevada,Inactive,2024-04-08,108781.18,heidi.jones@example.com,Poor,False
EMP1322,Frank,Brown,35.0,Finance-Texas,Pending,2024-11-04,65489.19,frank.brown@example.com,Average,True
EMP1323,Eva,Johnson,30.0,Sales-Illinois,Pending,2022-05-05,70663.46,eva.johnson@example.com,Excellent,False
EMP1324,David,Miller,40.0,Sales-New York,Inactive,2023-02-01,95822.56,david.miller@example.com,Average,False
EMP1325,Eva,Miller,40.0,DevOps-Nevada,Pending,2022-10-01,82258.03,eva.miller@example.com,Average,True
EMP1326,Frank,Williams,30.0,Admin-Nevada,Pending,2022-09-27,62883.34,frank.williams@example.com,Average,False
EMP1327,Alice,Davis,30.0,Cloud Tech-Texas,Pending,2020-04-09,103503.72,alice.davis@example.com,Average,True
EMP1328,David,Garcia,25.0,DevOps-New York,Active,2021-03-23,85401.3,david.garcia@example.com,Poor,True
EMP1329,Heidi,Garcia,40.0,Cloud Tech-Texas,Pending,2023-02-03,85547.87,heidi.garcia@example.com,Excellent,False
EMP1330,Eva,Smith,30.0,HR-Texas,Pending,2024-07-23,98850.14,eva.smith@example.com,Poor,False
EMP1331,Charlie,Smith,25.0,Cloud Tech-Illinois,Active,2021-05-08,63435.24,charlie.smith@example.com,Poor,False
EMP1332,Frank,Brown,35.0,Finance-Texas,Inactive,2022-04-11,82129.84,frank.brown@example.com,Average,False
EMP1333,David,Williams,35.0,DevOps-Texas,Pending,2024-10-23,95492.61,david.williams@example.com,Good,False
EMP1334,Grace,Miller,40.0,Finance-Illinois,Inactive,2020-04-24,94572.37,grace.miller@example.com,Good,False
EMP1335,Bob,Garcia,40.0,Finance-Nevada,Inactive,2023-03-04,118413.05,bob.garcia@example.com,Poor,False
EMP1336,Alice,Jones,30.0,Admin-Nevada,Pending,2022-08-31,68976.65,alice.jones@example.com,Poor,True
EMP1337,Eva,Williams,30.0,Sales-Nevada,Active,2021-01-02,115013.65,eva.williams@example.com,Average,False
EMP1338,David,Brown,30.0,Admin-Nevada,Inactive,2020-06-06,70949.38,david.brown@example.com,Poor,True
EMP1339,Grace,Brown,30.0,HR-Florida,Pending,2020-10-13,105334.87,grace.brown@example.com,Average,False
EMP1340,Bob,Williams,30.0,DevOps-California,Active,2020-07-19,80596.18,bob.williams@example.com,Good,False
EMP1341,Frank,Brown,30.0,Sales-Illinois,Inactive,2024-05-03,72846.37,frank.brown@example.com,Good,True
EMP1342,Heidi,Williams,40.0,Admin-California,Pending,2022-02-07,80229.36,heidi.williams@example.com,Excellent,False
EMP1343,Grace,Johnson,25.0,Sales-California,Active,2023-12-31,55145.47,grace.johnson@example.com,Good,False
EMP1344,Grace,Williams,30.0,DevOps-Florida,Inactive,2022-01-08,85547.87,grace.williams@example.com,Poor,True
EMP1345,Eva,Davis,40.0,HR-California,Active,2020-09-28,56110.81,eva.davis@example.com,Good,False
EMP1346,Grace,Williams,25.0,Cloud Tech-Texas,Inactive,2023-02-09,56514.5,grace.williams@example.com,Average,False
EMP1347,Frank,Brown,40.0,Cloud Tech-California,Inactive,2022-03-05,104541.84,frank.brown@example.com,Good,False
EMP1348,David,Garcia,30.0,Sales-New York,Pending,2022-02-18,61865.12,david.garcia@example.com,Excellent,True
EMP1349,Eva,Davis,40.0,Admin-Texas,Active,2022-06-09,69317.33,eva.davis@example.com,Good,False
EMP1350,Bob,Brown,35.0,HR-New York,Pending,2023-07-04,84706.17,bob.brown@example.com,Average,False
EMP1351,Heidi,Smith,25.0,Admin-California,Active,2022-03-21,73255.21,heidi.smith@example.com,Average,False
EMP1352,Frank,Smith,40.0,HR-Florida,Pending,2023-05-02,59528.71,frank.smith@example.com,Poor,False
EMP1353,David,Garcia,40.0,HR-New York,Inactive,2021-10-15,70401.37,david.garcia@example.com,Good,True
EMP1354,Heidi,Garcia,30.0,Admin-California,Inactive,2021-07-28,107154.62,heidi.garcia@example.com,Average,True
EMP1355,Bob,Davis,30.0,Admin-Illinois,Pending,2021-01-03,97719.88,bob.davis@example.com,Excellent,False
EMP1356,Heidi,Johnson,30.0,Finance-California,Pending,2020-05-21,107327.59,heidi.johnson@example.com,Poor,False
EMP1357,Grace,Garcia,40.0,Admin-Nevada,Inactive,2021-05-10,67687.72,grace.garcia@example.com,Excellent,True
EMP1358,Grace,Smith,40.0,Cloud Tech-Florida,Pending,2022-09-08,90757.08,grace.smith@example.com,Good,True
EMP1359,Grace,Williams,30.0,Cloud Tech-California,Pending,2024-07-21,87583.42,grace.williams@example.com,Good,False
EMP1360,Bob,Brown,25.0,Admin-Nevada,Pending,2021-12-28,61643.69,bob.brown@example.com,Good,True
EMP1361,Grace,Smith,35.0,Finance-Texas,Active,2020-07-20,68111.69,grace.smith@example.com,Poor,False
EMP1362,David,Smith,40.0,HR-Florida,Inactive,2024-04-30,97568.88,david.smith@example.com,Average,True
EMP1363,Charlie,Johnson,35.0,Cloud Tech-Florida,Active,2021-08-28,79118.28,charlie.johnson@example.com,Poor,True
EMP1364,Bob,Davis,30.0,HR-California,Inactive,2022-07-21,104898.9,bob.davis@example.com,Excellent,True
EMP1365,Frank,Davis,40.0,Cloud Tech-Florida,Pending,2023-11-27,81671.3,frank.davis@example.com,Poor,True
EMP1366,Alice,Miller,25.0,Cloud Tech-California,Pending,2020-08-11,97399.75,alice.miller@example.com,Excellent,False
EMP1367,David,Johnson,30.0,Admin-Illinois,Active,2021-11-08,89189.43,david.johnson@example.com,Poor,True
EMP1368,David,Williams,40.0,DevOps-New York,Active,2023-08-04,96011.55,david.williams@example.com,Average,True
EMP1369,David,Davis,40.0,Sales-Florida,Inactive,2020-01-10,99331.49,david.davis@example.com,Excellent,False
EMP1370,Bob,Brown,30.0,Cloud Tech-Illinois,Active,2022-01-19,72818.94,bob.brown@example.com,Good,True
EMP1371,Eva,Garcia,40.0,Sales-Nevada,Inactive,2023-05-07,77204.75,eva.garcia@example.com,Good,True
EMP1372,Bob,Johnson,35.0,HR-Florida,Pending,2020-12-19,106961.68,bob.johnson@example.com,Poor,False
EMP1373,Eva,Garcia,30.0,Sales-Texas,Pending,2020-10-01,71923.0,eva.garcia@example.com,Good,True
EMP1374,Bob,Smith,30.0,HR-Nevada,Active,2022-11-12,77192.43,bob.smith@example.com,Excellent,False
EMP1375,Grace,Brown,40.0,Admin-Florida,Pending,2023-01-05,98540.3,grace.brown@example.com,Good,False
EMP1376,Charlie,Brown,30.0,Admin-Florida,Inactive,2020-10-14,63096.9,charlie.brown@example.com,Average,False
EMP1377,Alice,Smith,35.0,Cloud Tech-Florida,Active,2021-02-03,107065.12,alice.smith@example.com,Average,False
EMP1378,Heidi,Johnson,40.0,DevOps-Florida,Inactive,2023-12-25,108792.43,heidi.johnson@example.com,Poor,True
EMP1379,Bob,Smith,30.0,Cloud Tech-New York,Inactive,2020-03-07,69239.7,bob.smith@example.com,Excellent,False
EMP1380,Charlie,Garcia,40.0,Sales-Nevada,Inactive,2023-01-30,85756.42,charlie.garcia@example.com,Average,True
EMP1381,Eva,Miller,30.0,HR-Illinois,Active,2024-04-05,100328.62,eva.miller@example.com,Average,True
EMP1382,Grace,Brown,25.0,DevOps-Nevada,Active,2021-09-01,111236.69,grace.brown@example.com,Excellent,True
EMP1383,Eva,Jones,35.0,Cloud Tech-Florida,Active,2024-05-07,106832.22,eva.jones@example.com,Good,True
EMP1384,Frank,Jones,30.0,DevOps-Florida,Active,2023-06-15,59746.45,frank.jones@example.com,Good,True
EMP1385,David,Garcia,25.0,Sales-California,Pending,2021-07-29,91780.04,david.garcia@example.com,Poor,True
EMP1386,Eva,Williams,35.0,Sales-California,Pending,2023-10-23,107062.66,eva.williams@example.com,Good,True
EMP1387,Grace,Davis,25.0,HR-Nevada,Active,2023-12-07,110625.52,grace.davis@example.com,Excellent,True
EMP1388,Frank,Smith,30.0,DevOps-Florida,Inactive,2020-10-18,90419.79,frank.smith@example.com,Average,True
EMP1389,Grace,Smith,40.0,Finance-Texas,Pending,2024-06-15,111608.76,grace.smith@example.com,Good,True
EMP1390,Eva,Williams,35.0,Finance-Florida,Inactive,2023-04-06,50173.12,eva.williams@example.com,Poor,False
EMP1391,Bob,Williams,40.0,DevOps-Nevada,Pending,2022-01-03,109507.44,bob.williams@example.com,Good,False
EMP1392,Grace,Garcia,30.0,Finance-New York,Inactive,2021-07-03,72600.56,grace.garcia@example.com,Excellent,False
EMP1393,Charlie,Garcia,30.0,Finance-California,Pending,2024-04-10,53388.65,charlie.garcia@example.com,Poor,True
EMP1394,Heidi,Williams,25.0,Cloud Tech-New York,Inactive,2022-07-23,50047.32,heidi.williams@example.com,Good,False
EMP1395,David,Brown,30.0,DevOps-California,Active,2024-11-25,115290.79,david.brown@example.com,Poor,False
EMP1396,Frank,Garcia,35.0,Cloud Tech-California,Pending,2023-08-21,61586.76,frank.garcia@example.com,Excellent,False
EMP1397,Eva,Miller,30.0,Finance-Nevada,Active,2023-12-12,56662.86,eva.miller@example.com,Average,True
EMP1398,Bob,Garcia,30.0,Sales-New York,Pending,2023-10-24,85547.87,bob.garcia@example.com,Excellent,True
EMP1399,Frank,Smith,25.0,Finance-Nevada,Active,2022-09-05,54957.98,frank.smith@example.com,Excellent,True
EMP1400,Bob,Garcia,25.0,HR-California,Inactive,2020-10-07,76790.47,bob.garcia@example.com,Excellent,True
EMP1401,Charlie,Brown,30.0,Cloud Tech-Illinois,Pending,2020-01-18,92722.35,charlie.brown@example.com,Excellent,False
EMP1402,Frank,Williams,30.0,DevOps-Nevada,Active,2022-04-23,93125.32,frank.williams@example.com,Average,False
EMP1403,David,Smith,25.0,Cloud Tech-New York,Active,2023-04-22,101100.64,david.smith@example.com,Average,False
EMP1404,Grace,Garcia,35.0,Admin-New York,Inactive,2023-08-13,55897.41,grace.garcia@example.com,Poor,False
EMP1405,Eva,Brown,25.0,DevOps-California,Active,2022-11-26,92484.88,eva.brown@example.com,Good,True
EMP1406,Grace,Miller,35.0,DevOps-Texas,Active,2022-10-10,77011.99,grace.miller@example.com,Average,True
EMP1407,Bob,Garcia,30.0,Cloud Tech-California,Inactive,2020-09-27,77078.68,bob.garcia@example.com,Average,True
EMP1408,Grace,Brown,35.0,Sales-Nevada,Active,2024-04-11,82971.02,grace.brown@example.com,Good,False
EMP1409,Bob,Miller,25.0,Sales-Texas,Active,2021-06-20,65102.01,bob.miller@example.com,Average,True
EMP1410,Grace,Williams,30.0,HR-Nevada,Pending,2022-10-23,103697.7,grace.williams@example.com,Excellent,True
EMP1411,Grace,Garcia,25.0,DevOps-Illinois,Pending,2023-06-15,60687.63,grace.garcia@example.com,Excellent,False
EMP1412,Bob,Miller,30.0,Admin-New York,Pending,2021-10-31,77351.21,bob.miller@example.com,Good,False
EMP1413,Bob,Smith,35.0,DevOps-Florida,Pending,2024-09-29,66704.62,bob.smith@example.com,Poor,True
EMP1414,Grace,Williams,25.0,Finance-Illinois,Pending,2020-04-22,71650.3,grace.williams@example.com,Poor,True
EMP1415,Charlie,Smith,25.0,Cloud Tech-Nevada,Active,2023-12-07,50794.54,charlie.smith@example.com,Good,True
EMP1416,Frank,Jones,30.0,Sales-Nevada,Inactive,2020-12-07,76030.86,frank.jones@example.com,Good,True
EMP1417,Eva,Johnson,25.0,Cloud Tech-California,Inactive,2021-07-11,86669.79,eva.johnson@example.com,Excellent,True
EMP1418,Bob,Garcia,40.0,Finance-Illinois,Inactive,2020-04-23,84972.7,bob.garcia@example.com,Poor,True
EMP1419,Frank,Miller,30.0,HR-Texas,Pending,2023-10-12,100594.49,frank.miller@example.com,Average,False
EMP1420,Alice,Johnson,25.0,Cloud Tech-New York,Active,2022-08-24,75478.35,alice.johnson@example.com,Excellent,False
EMP1421,Charlie,Johnson,25.0,Sales-Nevada,Pending,2023-09-04,79355.85,charlie.johnson@example.com,Good,False
EMP1422,Grace,Miller,35.0,HR-Texas,Pending,2022-02-02,58358.07,grace.miller@example.com,Poor,True
EMP1423,Alice,Williams,30.0,Admin-Illinois,Active,2022-04-01,54824.85,alice.williams@example.com,Average,False
EMP1424,Eva,Garcia,35.0,HR-Texas,Pending,2022-07-24,50557.84,eva.garcia@example.com,Average,True
EMP1425,Eva,Jones,30.0,Admin-Florida,Inactive,2023-04-26,118030.04,eva.jones@example.com,Excellent,True
EMP1426,David,Smith,30.0,Admin-New York,Active,2022-04-19,51673.72,david.smith@example.com,Poor,False
EMP1427,Alice,Brown,35.0,Cloud Tech-Nevada,Inactive,2024-10-04,101665.79,alice.brown@example.com,Poor,True
EMP1428,David,Smith,30.0,Admin-Florida,Inactive,2020-05-02,118079.15,david.smith@example.com,Good,True
EMP1429,Eva,Brown,25.0,Cloud Tech-New York,Pending,2022-04-25,99059.28,eva.brown@example.com,Poor,False
EMP1430,Bob,Smith,30.0,Cloud Tech-Illinois,Active,2023-07-29,107397.4,bob.smith@example.com,Poor,False
EMP1431,Alice,Miller,40.0,DevOps-New York,Active,2021-08-20,68269.37,alice.miller@example.com,Excellent,False
EMP1432,Grace,Jones,35.0,HR-Florida,Inactive,2021-04-23,55228.12,grace.jones@example.com,Poor,True
EMP1433,Bob,Garcia,30.0,Cloud Tech-New York,Inactive,2022-08-12,71982.33,bob.garcia@example.com,Average,False
EMP1434,Frank,Brown,30.0,Finance-California,Inactive,2021-06-26,109673.75,frank.brown@example.com,Excellent,False
EMP1435,Eva,Garcia,30.0,Cloud Tech-New York,Inactive,2020-10-30,56384.9,eva.garcia@example.com,Excellent,True
EMP1436,Frank,Garcia,40.0,Sales-Texas,Pending,2021-09-04,68211.68,frank.garcia@example.com,Good,False
EMP1437,Alice,Garcia,40.0,Finance-Illinois,Pending,2023-01-31,67489.68,alice.garcia@example.com,Poor,False
EMP1438,Charlie,Davis,25.0,Cloud Tech-Texas,Active,2020-09-24,63869.31,charlie.davis@example.com,Good,False
EMP1439,Bob,Williams,30.0,Sales-California,Active,2020-02-14,119801.3,bob.williams@example.com,Average,True
EMP1440,Heidi,Smith,30.0,Cloud Tech-California,Active,2020-03-28,115959.65,heidi.smith@example.com,Excellent,True
EMP1441,Grace,Garcia,40.0,Finance-Texas,Inactive,2023-10-31,79866.48,grace.garcia@example.com,Excellent,True
EMP1442,Charlie,Smith,35.0,HR-Florida,Active,2020-03-11,92987.46,charlie.smith@example.com,Excellent,True
EMP1443,Eva,Garcia,40.0,Finance-Illinois,Inactive,2020-05-04,56140.51,eva.garcia@example.com,Average,False
EMP1444,Grace,Brown,30.0,DevOps-Illinois,Active,2023-07-15,119586.11,grace.brown@example.com,Average,True
EMP1445,Alice,Williams,40.0,DevOps-California,Inactive,2023-01-20,104700.46,alice.williams@example.com,Good,True
EMP1446,Frank,Williams,40.0,HR-New York,Active,2021-10-15,91798.14,frank.williams@example.com,Good,False
EMP1447,Eva,Miller,25.0,Finance-Illinois,Inactive,2024-04-19,90879.22,eva.miller@example.com,Good,False
EMP1448,Charlie,Davis,25.0,Admin-Nevada,Active,2021-06-29,87358.27,charlie.davis@example.com,Poor,False
EMP1449,Alice,Miller,30.0,Sales-Florida,Inactive,2024-09-14,119407.93,alice.miller@example.com,Excellent,True
EMP1450,David,Miller,30.0,HR-Nevada,Pending,2022-01-04,113978.6,david.miller@example.com,Excellent,True
EMP1451,Frank,Miller,30.0,Sales-New York,Pending,2021-01-20,108568.78,frank.miller@example.com,Good,True
EMP1452,Heidi,Miller,30.0,HR-New York,Inactive,2020-03-18,56318.02,heidi.miller@example.com,Excellent,False
EMP1453,David,Miller,25.0,Sales-Florida,Active,2021-11-10,114252.73,david.miller@example.com,Good,False
EMP1454,Charlie,Jones,35.0,DevOps-New York,Inactive,2020-05-01,51533.9,charlie.jones@example.com,Poor,True
EMP1455,Charlie,Williams,25.0,Sales-California,Active,2022-02-04,99317.66,charlie.williams@example.com,Poor,False
EMP1456,Bob,Miller,35.0,HR-California,Active,2020-11-18,101264.64,bob.miller@example.com,Average,False
EMP1457,Heidi,Garcia,35.0,Admin-Nevada,Pending,2023-11-21,112272.02,heidi.garcia@example.com,Poor,False
EMP1458,Frank,Williams,30.0,DevOps-Illinois,Active,2022-02-13,71477.63,frank.williams@example.com,Good,True
EMP1459,Charlie,Williams,30.0,DevOps-Texas,Pending,2023-03-19,77412.1,charlie.williams@example.com,Poor,False
EMP1460,Alice,Johnson,30.0,Sales-California,Pending,2021-03-28,94775.27,alice.johnson@example.com,Average,False
EMP1461,Heidi,Jones,30.0,HR-Nevada,Active,2021-05-02,74276.71,heidi.jones@example.com,Excellent,True
EMP1462,Bob,Miller,35.0,Finance-Texas,Inactive,2021-03-05,67467.86,bob.miller@example.com,Good,True
EMP1463,Eva,Smith,25.0,DevOps-Texas,Active,2022-03-01,80675.41,eva.smith@example.com,Excellent,False
EMP1464,Charlie,Brown,40.0,Finance-Florida,Inactive,2023-01-23,76274.33,charlie.brown@example.com,Average,False
EMP1465,David,Davis,30.0,Finance-Texas,Active,2021-08-26,51405.46,david.davis@example.com,Average,True
EMP1466,Bob,Garcia,25.0,HR-New York,Inactive,2020-11-25,101238.96,bob.garcia@example.com,Average,True
EMP1467,Bob,Smith,35.0,Sales-Illinois,Inactive,2023-12-13,52169.52,bob.smith@example.com,Excellent,False
EMP1468,Charlie,Jones,30.0,Finance-New York,Active,2020-07-26,73176.62,charlie.jones@example.com,Excellent,False
EMP1469,Grace,Brown,30.0,DevOps-Nevada,Pending,2021-06-27,96241.85,grace.brown@example.com,Excellent,False
EMP1470,Bob,Jones,25.0,Finance-Illinois,Pending,2024-09-16,84366.38,bob.jones@example.com,Excellent,False
EMP1471,Alice,Garcia,40.0,Cloud Tech-California,Pending,2023-07-04,92015.09,alice.garcia@example.com,Average,True
EMP1472,Alice,Williams,30.0,Admin-Nevada,Inactive,2020-06-16,83149.95,alice.williams@example.com,Average,False
EMP1473,Grace,Brown,40.0,Finance-Nevada,Inactive,2020-07-05,94930.65,grace.brown@example.com,Good,False
EMP1474,Frank,Williams,40.0,HR-New York,Inactive,2020-04-01,68430.72,frank.williams@example.com,Good,True
EMP1475,David,Garcia,35.0,Sales-Texas,Active,2024-03-20,98752.97,david.garcia@example.com,Excellent,False
EMP1476,Frank,Smith,30.0,Finance-Illinois,Active,2023-02-07,54268.86,frank.smith@example.com,Poor,True
EMP1477,Grace,Garcia,30.0,DevOps-Florida,Pending,2024-12-10,66494.94,grace.garcia@example.com,Poor,False
EMP1478,Grace,Smith,25.0,Sales-Illinois,Pending,2024-06-27,90003.98,grace.smith@example.com,Average,False
EMP1479,Charlie,Brown,25.0,Finance-New York,Active,2021-03-09,106592.25,charlie.brown@example.com,Average,True
EMP1480,Grace,Brown,25.0,DevOps-Florida,Active,2024-08-11,93905.83,grace.brown@example.com,Average,True
EMP1481,Eva,Miller,35.0,DevOps-Texas,Active,2022-03-05,88945.49,eva.miller@example.com,Good,False
EMP1482,Eva,Jones,30.0,Finance-Texas,Pending,2023-06-30,91130.33,eva.jones@example.com,Good,False
EMP1483,Bob,Miller,40.0,Admin-New York,Pending,2023-04-19,90787.4,bob.miller@example.com,Average,False
EMP1484,Bob,Jones,25.0,Sales-Texas,Inactive,2024-11-11,87494.34,bob.jones@example.com,Average,True
EMP1485,Grace,Miller,35.0,Finance-Nevada,Inactive,2023-03-17,92627.35,grace.miller@example.com,Average,False
EMP1486,Eva,Williams,40.0,Admin-Illinois,Pending,2023-10-26,98556.29,eva.williams@example.com,Poor,True
EMP1487,Frank,Brown,30.0,Cloud Tech-Nevada,Inactive,2021-07-04,112792.2,frank.brown@example.com,Good,True
EMP1488,Eva,Smith,35.0,HR-Florida,Pending,2023-11-03,56875.22,eva.smith@example.com,Poor,False
EMP1489,Charlie,Jones,35.0,DevOps-Florida,Inactive,2021-07-05,101015.96,charlie.jones@example.com,Poor,True
EMP1490,Bob,Garcia,30.0,Finance-New York,Inactive,2024-02-26,83912.22,bob.garcia@example.com,Average,False
EMP1491,Frank,Jones,25.0,Sales-New York,Active,2021-09-29,99669.86,frank.jones@example.com,Average,False
EMP1492,Alice,Smith,30.0,Admin-New York,Active,2021-05-25,52314.97,alice.smith@example.com,Excellent,False
EMP1493,Frank,Miller,30.0,HR-California,Inactive,2022-10-31,77785.96,frank.miller@example.com,Excellent,False
EMP1494,Alice,Jones,30.0,HR-Florida,Pending,2022-07-02,62430.86,alice.jones@example.com,Poor,False
EMP1495,Frank,Davis,35.0,Admin-California,Pending,2024-08-28,98219.54,frank.davis@example.com,Good,True
EMP1496,Grace,Williams,25.0,Admin-Illinois,Active,2024-10-21,65494.58,grace.williams@example.com,Average,True
EMP1497,David,Brown,35.0,DevOps-Florida,Pending,2020-02-11,110524.1,david.brown@example.com,Average,False
EMP1498,Alice,Smith,40.0,Admin-Nevada,Active,2023-05-16,106060.54,alice.smith@example.com,Poor,False
EMP1499,Eva,Brown,35.0,Finance-Florida,Inactive,2022-07-29,67639.91,eva.brown@example.com,Excellent,True
EMP1500,Grace,Davis,30.0,Cloud Tech-Texas,Pending,2023-09-18,117653.98,grace.davis@example.com,Good,True
EMP1501,Eva,Jones,35.0,DevOps-Texas,Inactive,2020-05-10,73539.86,eva.jones@example.com,Excellent,True
EMP1502,Frank,Jones,35.0,HR-Nevada,Pending,2023-08-27,70915.38,frank.jones@example.com,Excellent,True
EMP1503,David,Garcia,25.0,Sales-Florida,Pending,2021-10-16,97652.9,david.garcia@example.com,Excellent,False
EMP1504,Heidi,Davis,35.0,HR-Florida,Inactive,2022-03-06,101571.25,heidi.davis@example.com,Excellent,False
EMP1505,David,Smith,35.0,DevOps-Nevada,Active,2023-11-06,87424.46,david.smith@example.com,Average,True
EMP1506,Frank,Garcia,30.0,HR-New York,Pending,2024-11-30,89077.36,frank.garcia@example.com,Average,False
EMP1507,Heidi,Williams,30.0,DevOps-California,Pending,2024-07-13,89132.22,heidi.williams@example.com,Excellent,True
EMP1508,Frank,Garcia,25.0,Admin-California,Active,2024-03-04,111000.26,frank.garcia@example.com,Good,False
EMP1509,Frank,Johnson,35.0,HR-Illinois,Inactive,2022-08-07,109584.97,frank.johnson@example.com,Poor,True
EMP1510,Bob,Smith,40.0,Admin-Illinois,Active,2024-11-11,97648.84,bob.smith@example.com,Good,False
EMP1511,Grace,Johnson,25.0,Admin-New York,Active,2021-12-02,78643.43,grace.johnson@example.com,Good,True
EMP1512,Heidi,Davis,30.0,HR-Nevada,Active,2024-05-14,55656.8,heidi.davis@example.com,Good,True
EMP1513,Charlie,Miller,35.0,DevOps-Texas,Active,2022-07-14,69146.95,charlie.miller@example.com,Excellent,False
EMP1514,Charlie,Johnson,30.0,Admin-Florida,Active,2020-09-22,93013.58,charlie.johnson@example.com,Average,True
EMP1515,Grace,Williams,40.0,Finance-Florida,Active,2020-03-18,87364.78,grace.williams@example.com,Good,False
EMP1516,Alice,Garcia,35.0,Sales-New York,Active,2023-10-17,50288.67,alice.garcia@example.com,Excellent,False
EMP1517,David,Miller,35.0,HR-New York,Active,2022-02-24,85233.55,david.miller@example.com,Good,True
EMP1518,Bob,Garcia,25.0,HR-California,Inactive,2024-01-30,86420.19,bob.garcia@example.com,Good,False
EMP1519,Grace,Johnson,30.0,HR-Florida,Inactive,2024-03-16,63189.82,grace.johnson@example.com,Excellent,False
EMP1520,Grace,Garcia,25.0,Admin-New York,Pending,2020-09-25,64783.32,grace.garcia@example.com,Average,False
EMP1521,Charlie,Davis,25.0,HR-Nevada,Pending,2024-06-10,52615.44,charlie.davis@example.com,Average,False
EMP1522,Eva,Miller,30.0,Sales-Texas,Pending,2020-04-08,96337.89,eva.miller@example.com,Poor,False
EMP1523,Alice,Davis,25.0,DevOps-Texas,Inactive,2022-06-28,76617.76,alice.davis@example.com,Excellent,True
EMP1524,Heidi,Johnson,30.0,Admin-Nevada,Pending,2023-07-14,50651.32,heidi.johnson@example.com,Poor,False
EMP1525,Bob,Davis,30.0,HR-Illinois,Pending,2023-12-06,59601.45,bob.davis@example.com,Poor,False
EMP1526,Bob,Williams,30.0,DevOps-Illinois,Active,2021-08-01,57980.88,bob.williams@example.com,Poor,False
EMP1527,David,Johnson,30.0,Admin-California,Pending,2021-02-17,75054.53,david.johnson@example.com,Average,False
EMP1528,Charlie,Johnson,25.0,Sales-Florida,Active,2023-11-10,115318.7,charlie.johnson@example.com,Excellent,False
EMP1529,Alice,Johnson,25.0,DevOps-Texas,Active,2024-09-06,90190.69,alice.johnson@example.com,Poor,True
EMP1530,Bob,Smith,30.0,Cloud Tech-Nevada,Pending,2020-07-26,113334.56,bob.smith@example.com,Excellent,False
EMP1531,Heidi,Garcia,35.0,HR-Florida,Active,2020-07-23,106922.49,heidi.garcia@example.com,Excellent,True
EMP1532,Eva,Smith,35.0,DevOps-California,Inactive,2024-02-21,58113.07,eva.smith@example.com,Average,True
EMP1533,Alice,Smith,25.0,Admin-Nevada,Pending,2020-12-15,73006.26,alice.smith@example.com,Poor,True
EMP1534,Eva,Williams,25.0,HR-California,Active,2020-08-21,78054.43,eva.williams@example.com,Poor,True
EMP1535,Eva,Miller,40.0,DevOps-Florida,Inactive,2023-08-21,112028.67,eva.miller@example.com,Excellent,False
EMP1536,Charlie,Garcia,25.0,Admin-Texas,Inactive,2023-04-24,83787.24,charlie.garcia@example.com,Good,True
EMP1537,Heidi,Davis,30.0,Sales-Florida,Inactive,2023-06-06,52017.14,heidi.davis@example.com,Average,True
EMP1538,Charlie,Jones,40.0,Finance-Texas,Inactive,2022-06-21,53218.06,charlie.jones@example.com,Average,False
EMP1539,Frank,Johnson,25.0,DevOps-Nevada,Pending,2024-04-20,102053.67,frank.johnson@example.com,Average,False
EMP1540,David,Davis,35.0,Sales-Illinois,Pending,2023-12-05,93276.73,david.davis@example.com,Average,False
EMP1541,David,Johnson,40.0,HR-Nevada,Pending,2023-08-06,76941.36,david.johnson@example.com,Poor,True
EMP1542,Alice,Williams,25.0,DevOps-New York,Pending,2024-10-04,82850.23,alice.williams@example.com,Poor,False
EMP1543,Charlie,Johnson,25.0,Finance-California,Active,2021-11-08,117910.15,charlie.johnson@example.com,Good,False
EMP1544,David,Smith,30.0,DevOps-Florida,Inactive,2024-07-31,66450.0,david.smith@example.com,Average,True
EMP1545,Heidi,Garcia,25.0,Finance-Florida,Inactive,2020-08-31,118646.95,heidi.garcia@example.com,Average,False
EMP1546,Alice,Jones,25.0,Finance-Florida,Active,2023-02-15,88436.92,alice.jones@example.com,Excellent,False
EMP1547,Eva,Brown,30.0,Sales-New York,Pending,2023-10-07,81934.55,eva.brown@example.com,Poor,False
EMP1548,Alice,Johnson,30.0,Finance-California,Pending,2024-04-20,93383.06,alice.johnson@example.com,Average,False
EMP1549,Frank,Davis,40.0,Cloud Tech-Texas,Pending,2021-03-30,50153.79,frank.davis@example.com,Good,True
EMP1550,Eva,Smith,30.0,Sales-California,Pending,2020-08-05,53204.47,eva.smith@example.com,Good,False
EMP1551,Charlie,Brown,40.0,Cloud Tech-California,Pending,2021-02-05,63128.04,charlie.brown@example.com,Poor,False
EMP1552,Grace,Jones,30.0,Finance-New York,Pending,2021-11-23,57543.6,grace.jones@example.com,Good,True
EMP1553,Bob,Brown,40.0,Finance-Nevada,Pending,2022-10-29,59424.52,bob.brown@example.com,Good,False
EMP1554,Alice,Smith,30.0,Finance-Illinois,Inactive,2022-11-07,104675.7,alice.smith@example.com,Poor,True
EMP1555,Charlie,Garcia,30.0,Cloud Tech-Florida,Pending,2023-05-14,92431.25,charlie.garcia@example.com,Average,False
EMP1556,Grace,Garcia,40.0,Sales-Nevada,Active,2021-07-14,77850.9,grace.garcia@example.com,Average,True
EMP1557,Eva,Miller,40.0,Admin-New York,Inactive,2023-05-18,99001.0,eva.miller@example.com,Good,True
EMP1558,Eva,Garcia,30.0,HR-Nevada,Pending,2023-02-07,94280.83,eva.garcia@example.com,Good,True
EMP1559,Eva,Miller,35.0,DevOps-New York,Pending,2023-08-24,118262.56,eva.miller@example.com,Average,True
EMP1560,Frank,Brown,25.0,HR-Illinois,Inactive,2023-04-08,89944.67,frank.brown@example.com,Poor,False
EMP1561,Grace,Williams,30.0,HR-Florida,Active,2022-12-06,57452.93,grace.williams@example.com,Good,True
EMP1562,Alice,Davis,25.0,Admin-California,Active,2021-08-09,97837.32,alice.davis@example.com,Excellent,False
EMP1563,Alice,Davis,35.0,Admin-Illinois,Active,2022-01-04,106981.84,alice.davis@example.com,Poor,True
EMP1564,David,Brown,30.0,Finance-New York,Pending,2024-05-25,105778.36,david.brown@example.com,Good,True
EMP1565,Alice,Johnson,40.0,Finance-Florida,Pending,2021-10-02,117608.32,alice.johnson@example.com,Good,True
EMP1566,Eva,Johnson,30.0,Sales-Florida,Active,2023-07-21,99324.03,eva.johnson@example.com,Excellent,False
EMP1567,David,Garcia,30.0,HR-Florida,Active,2023-10-30,55212.83,david.garcia@example.com,Excellent,True
EMP1568,Bob,Davis,40.0,Cloud Tech-Florida,Inactive,2023-02-13,68496.77,bob.davis@example.com,Average,False
EMP1569,Eva,Davis,25.0,HR-Florida,Pending,2020-11-13,52795.84,eva.davis@example.com,Poor,False
EMP1570,Alice,Miller,30.0,DevOps-California,Inactive,2024-06-05,90087.39,alice.miller@example.com,Poor,False
EMP1571,Frank,Williams,30.0,Admin-New York,Pending,2020-05-19,105038.08,frank.williams@example.com,Average,False
EMP1572,Grace,Smith,25.0,HR-New York,Active,2023-09-20,73231.85,grace.smith@example.com,Poor,False
EMP1573,David,Johnson,30.0,Sales-Florida,Pending,2024-08-13,102649.36,david.johnson@example.com,Poor,False
EMP1574,Bob,Davis,35.0,Finance-New York,Pending,2023-06-10,114302.51,bob.davis@example.com,Poor,False
EMP1575,Alice,Miller,35.0,Finance-Texas,Inactive,2021-06-09,87816.61,alice.miller@example.com,Poor,False
EMP1576,Frank,Jones,30.0,Sales-Florida,Inactive,2020-03-30,70750.38,frank.jones@example.com,Poor,False
EMP1577,Frank,Miller,30.0,Cloud Tech-Texas,Active,2024-05-02,85547.87,frank.miller@example.com,Excellent,True
EMP1578,Bob,Johnson,30.0,DevOps-Nevada,Active,2024-11-06,97978.36,bob.johnson@example.com,Poor,True
EMP1579,David,Johnson,30.0,DevOps-Nevada,Inactive,2023-08-17,107172.8,david.johnson@example.com,Excellent,True
EMP1580,Charlie,Miller,25.0,Finance-Nevada,Inactive,2020-03-18,56126.46,charlie.miller@example.com,Poor,True
EMP1581,Eva,Smith,30.0,Cloud Tech-Illinois,Active,2021-06-13,78534.29,eva.smith@example.com,Average,True
EMP1582,Grace,Brown,40.0,HR-Texas,Inactive,2023-10-10,85547.87,grace.brown@example.com,Good,False
EMP1583,Bob,Johnson,30.0,Cloud Tech-Nevada,Active,2022-01-02,114963.34,bob.johnson@example.com,Excellent,False
EMP1584,Eva,Miller,30.0,Cloud Tech-California,Inactive,2022-02-20,77657.93,eva.miller@example.com,Poor,False
EMP1585,Heidi,Davis,30.0,Sales-New York,Active,2024-03-09,77369.48,heidi.davis@example.com,Average,False
EMP1586,Eva,Miller,30.0,HR-Nevada,Pending,2023-08-19,76119.14,eva.miller@example.com,Good,False
EMP1587,Charlie,Williams,25.0,Cloud Tech-Texas,Pending,2023-05-06,77585.72,charlie.williams@example.com,Excellent,False
EMP1588,Bob,Brown,35.0,Admin-Nevada,Pending,2024-01-26,74069.62,bob.brown@example.com,Good,False
EMP1589,Charlie,Jones,30.0,Admin-New York,Pending,2024-09-05,67691.92,charlie.jones@example.com,Average,True
EMP1590,Alice,Smith,30.0,Finance-Nevada,Pending,2020-05-29,70345.69,alice.smith@example.com,Excellent,True
EMP1591,Bob,Garcia,30.0,DevOps-Illinois,Inactive,2021-11-08,74999.69,bob.garcia@example.com,Good,True
EMP1592,David,Jones,25.0,HR-Illinois,Active,2021-01-31,72245.02,david.jones@example.com,Poor,True
EMP1593,Eva,Brown,30.0,Admin-Illinois,Pending,2022-01-16,106538.98,eva.brown@example.com,Excellent,False
EMP1594,Charlie,Brown,25.0,HR-New York,Active,2023-12-29,101787.14,charlie.brown@example.com,Good,False
EMP1595,Frank,Brown,30.0,DevOps-Nevada,Inactive,2024-12-02,83596.78,frank.brown@example.com,Average,False
EMP1596,Eva,Jones,40.0,Sales-Texas,Active,2023-08-15,92463.94,eva.jones@example.com,Average,True
EMP1597,Charlie,Davis,30.0,Admin-California,Pending,2024-12-20,93863.32,charlie.davis@example.com,Excellent,False
EMP1598,Alice,Brown,30.0,DevOps-Texas,Pending,2023-03-31,78359.41,alice.brown@example.com,Good,False
EMP1599,Alice,Miller,30.0,HR-Illinois,Pending,2022-08-24,95773.57,alice.miller@example.com,Excellent,False
EMP1600,Grace,Jones,30.0,Sales-Nevada,Inactive,2020-10-01,82529.08,grace.jones@example.com,Excellent,True
EMP1601,Grace,Garcia,35.0,Sales-Texas,Pending,2021-05-04,109358.73,grace.garcia@example.com,Good,False
EMP1602,Charlie,Brown,30.0,Admin-Florida,Active,2021-01-01,89645.01,charlie.brown@example.com,Good,True
EMP1603,Charlie,Miller,40.0,HR-Texas,Active,2024-04-08,84134.95,charlie.miller@example.com,Poor,True
EMP1604,Frank,Davis,30.0,Cloud Tech-Nevada,Active,2022-11-26,113540.83,frank.davis@example.com,Good,True
EMP1605,Heidi,Williams,40.0,Cloud Tech-Texas,Pending,2021-10-25,57225.75,heidi.williams@example.com,Average,True
EMP1606,Eva,Davis,35.0,Sales-Illinois,Pending,2020-12-22,76366.17,eva.davis@example.com,Excellent,False
EMP1607,Bob,Garcia,30.0,HR-Florida,Active,2022-11-23,78408.95,bob.garcia@example.com,Excellent,True
EMP1608,Frank,Brown,40.0,Finance-Illinois,Active,2022-10-24,111742.4,frank.brown@example.com,Average,True
EMP1609,David,Garcia,25.0,Sales-Nevada,Inactive,2021-03-09,60516.83,david.garcia@example.com,Good,False
EMP1610,Bob,Jones,30.0,Finance-California,Pending,2020-08-20,83706.17,bob.jones@example.com,Average,False
EMP1611,David,Johnson,30.0,Admin-Nevada,Inactive,2020-02-15,67056.92,david.johnson@example.com,Average,True
EMP1612,Charlie,Brown,30.0,DevOps-Illinois,Active,2024-12-29,90058.85,charlie.brown@example.com,Poor,False
EMP1613,Eva,Johnson,30.0,Sales-Florida,Pending,2023-02-28,94633.59,eva.johnson@example.com,Average,True
EMP1614,Eva,Miller,25.0,Admin-Florida,Pending,2022-08-23,110711.17,eva.miller@example.com,Excellent,True
EMP1615,Grace,Williams,30.0,Admin-Illinois,Active,2023-06-30,96175.41,grace.williams@example.com,Average,True
EMP1616,Frank,Smith,40.0,Sales-Illinois,Active,2021-04-15,76474.79,frank.smith@example.com,Excellent,True
EMP1617,Alice,Garcia,30.0,Sales-Illinois,Pending,2022-05-09,107855.99,alice.garcia@example.com,Excellent,False
EMP1618,Charlie,Davis,40.0,Sales-Illinois,Active,2024-12-02,104870.78,charlie.davis@example.com,Excellent,True
EMP1619,Bob,Williams,25.0,Finance-Nevada,Active,2023-05-20,85547.87,bob.williams@example.com,Good,False
EMP1620,Grace,Brown,30.0,Finance-California,Active,2023-11-29,87087.16,grace.brown@example.com,Poor,False
EMP1621,Heidi,Johnson,40.0,HR-Illinois,Pending,2024-04-08,108603.34,heidi.johnson@example.com,Excellent,False
EMP1622,Grace,Davis,30.0,HR-Florida,Active,2024-10-25,55867.23,grace.davis@example.com,Excellent,False
EMP1623,Grace,Johnson,35.0,Admin-Texas,Pending,2024-03-02,105259.57,grace.johnson@example.com,Good,True
EMP1624,Bob,Jones,30.0,Cloud Tech-Florida,Pending,2021-02-24,98143.67,bob.jones@example.com,Excellent,False
EMP1625,Frank,Johnson,25.0,Admin-Florida,Pending,2023-04-13,67754.29,frank.johnson@example.com,Average,True
EMP1626,Grace,Jones,30.0,HR-Illinois,Inactive,2023-10-25,77821.79,grace.jones@example.com,Average,False
EMP1627,Heidi,Miller,30.0,HR-Illinois,Pending,2022-09-17,67764.44,heidi.miller@example.com,Poor,False
EMP1628,Frank,Davis,40.0,DevOps-New York,Pending,2020-08-31,102346.99,frank.davis@example.com,Excellent,True
EMP1629,Charlie,Davis,25.0,Admin-Illinois,Inactive,2024-05-28,73690.65,charlie.davis@example.com,Good,True
EMP1630,Alice,Smith,30.0,Finance-Nevada,Active,2024-07-05,56376.2,alice.smith@example.com,Average,True
EMP1631,Grace,Brown,25.0,Cloud Tech-California,Active,2022-01-29,55602.78,grace.brown@example.com,Good,False
EMP1632,Grace,Jones,40.0,Sales-Nevada,Pending,2021-08-09,99812.41,grace.jones@example.com,Good,False
EMP1633,Charlie,Smith,40.0,Finance-Texas,Active,2024-10-07,95981.9,charlie.smith@example.com,Average,True
EMP1634,Eva,Johnson,30.0,Cloud Tech-Illinois,Pending,2022-11-22,98891.48,eva.johnson@example.com,Good,True
EMP1635,Alice,Johnson,35.0,Admin-Nevada,Active,2020-11-18,56079.0,alice.johnson@example.com,Average,True
EMP1636,Grace,Smith,35.0,DevOps-Florida,Inactive,2023-04-15,85547.87,grace.smith@example.com,Good,True
EMP1637,Bob,Davis,25.0,Sales-California,Pending,2024-08-26,89137.97,bob.davis@example.com,Average,False
EMP1638,Frank,Johnson,35.0,Admin-Illinois,Active,2022-07-20,115079.97,frank.johnson@example.com,Excellent,True
EMP1639,Eva,Garcia,30.0,Finance-Illinois,Active,2023-02-18,55067.02,eva.garcia@example.com,Poor,True
EMP1640,Bob,Miller,30.0,HR-Illinois,Pending,2021-05-27,98593.43,bob.miller@example.com,Average,True
EMP1641,Heidi,Miller,30.0,HR-Florida,Pending,2022-08-01,112756.67,heidi.miller@example.com,Average,True
EMP1642,Heidi,Garcia,25.0,HR-Texas,Inactive,2023-07-21,105205.92,heidi.garcia@example.com,Poor,False
EMP1643,David,Smith,35.0,Finance-California,Pending,2023-01-02,50680.62,david.smith@example.com,Average,True
EMP1644,David,Garcia,35.0,Cloud Tech-Florida,Pending,2024-03-13,107475.23,david.garcia@example.com,Average,False
EMP1645,Charlie,Jones,40.0,HR-California,Active,2023-03-20,68835.3,charlie.jones@example.com,Good,True
EMP1646,David,Jones,40.0,DevOps-New York,Active,2024-02-15,66943.96,david.jones@example.com,Poor,True
EMP1647,David,Smith,30.0,Admin-Illinois,Inactive,2020-11-15,104525.69,david.smith@example.com,Excellent,False
EMP1648,Bob,Garcia,40.0,Sales-Texas,Pending,2020-03-27,109360.74,bob.garcia@example.com,Average,True
EMP1649,Frank,Jones,40.0,Sales-California,Inactive,2021-01-09,118907.63,frank.jones@example.com,Poor,False
EMP1650,Eva,Davis,40.0,Admin-Illinois,Active,2020-04-20,86801.48,eva.davis@example.com,Good,False
EMP1651,Alice,Garcia,30.0,HR-Florida,Pending,2024-05-08,62236.03,alice.garcia@example.com,Excellent,True
EMP1652,Heidi,Davis,35.0,DevOps-Texas,Active,2023-10-12,64752.67,heidi.davis@example.com,Poor,False
EMP1653,Frank,Jones,35.0,Sales-California,Active,2023-01-28,68399.43,frank.jones@example.com,Excellent,False
EMP1654,Frank,Miller,35.0,Admin-Florida,Inactive,2021-03-07,79336.51,frank.miller@example.com,Excellent,False
EMP1655,Frank,Jones,40.0,HR-Florida,Active,2023-03-16,59179.74,frank.jones@example.com,Excellent,False
EMP1656,David,Davis,25.0,DevOps-California,Active,2023-02-11,80255.31,david.davis@example.com,Average,False
EMP1657,Charlie,Williams,30.0,Finance-Texas,Active,2022-05-13,84971.85,charlie.williams@example.com,Average,False
EMP1658,Frank,Brown,40.0,HR-California,Pending,2024-10-24,89748.42,frank.brown@example.com,Good,False
EMP1659,Charlie,Johnson,25.0,Admin-California,Inactive,2024-09-14,94090.35,charlie.johnson@example.com,Good,False
EMP1660,Frank,Garcia,35.0,HR-California,Pending,2023-02-15,115229.12,frank.garcia@example.com,Poor,True
EMP1661,Alice,Williams,40.0,Cloud Tech-California,Pending,2023-05-25,63927.07,alice.williams@example.com,Good,True
EMP1662,Charlie,Jones,35.0,HR-California,Pending,2022-11-11,84124.56,charlie.jones@example.com,Excellent,False
EMP1663,Bob,Miller,40.0,Sales-California,Inactive,2023-07-17,116961.61,bob.miller@example.com,Excellent,True
EMP1664,Frank,Smith,40.0,DevOps-Illinois,Pending,2022-04-08,109423.05,frank.smith@example.com,Average,False
EMP1665,Charlie,Jones,35.0,Admin-California,Inactive,2023-08-30,70394.94,charlie.jones@example.com,Excellent,False
EMP1666,Grace,Miller,35.0,Finance-California,Pending,2023-04-17,86465.5,grace.miller@example.com,Poor,True
EMP1667,Charlie,Brown,30.0,Cloud Tech-New York,Pending,2021-04-25,96341.58,charlie.brown@example.com,Excellent,False
EMP1668,Bob,Jones,30.0,Admin-Florida,Active,2020-07-14,54465.47,bob.jones@example.com,Excellent,False
EMP1669,Alice,Davis,25.0,Finance-Illinois,Active,2020-07-31,68371.66,alice.davis@example.com,Poor,False
EMP1670,Grace,Smith,35.0,Admin-New York,Pending,2021-08-04,81021.23,grace.smith@example.com,Good,False
EMP1671,Charlie,Miller,25.0,Cloud Tech-Nevada,Inactive,2024-10-28,114069.07,charlie.miller@example.com,Good,True
EMP1672,Heidi,Miller,30.0,HR-Illinois,Inactive,2020-10-03,117867.96,heidi.miller@example.com,Poor,False
EMP1673,Charlie,Miller,30.0,Sales-Florida,Pending,2024-03-13,94509.58,charlie.miller@example.com,Average,False
EMP1674,Eva,Brown,35.0,Finance-Illinois,Active,2024-07-06,56268.78,eva.brown@example.com,Excellent,False
EMP1675,Grace,Jones,35.0,Admin-California,Active,2020-01-01,86632.14,grace.jones@example.com,Poor,True
EMP1676,Charlie,Brown,35.0,HR-Florida,Pending,2020-01-18,98143.9,charlie.brown@example.com,Excellent,False
EMP1677,Heidi,Garcia,35.0,Cloud Tech-Florida,Inactive,2023-05-07,85547.87,heidi.garcia@example.com,Average,True
EMP1678,Frank,Johnson,30.0,Finance-Illinois,Inactive,2022-03-19,67492.73,frank.johnson@example.com,Excellent,True
EMP1679,Grace,Johnson,40.0,Admin-California,Active,2022-05-14,93772.61,grace.johnson@example.com,Poor,False
EMP1680,Eva,Garcia,35.0,DevOps-Nevada,Pending,2024-07-14,68817.54,eva.garcia@example.com,Excellent,False
EMP1681,Bob,Jones,30.0,Admin-California,Active,2023-07-28,81874.01,bob.jones@example.com,Good,True
EMP1682,Heidi,Davis,30.0,HR-Texas,Active,2020-04-11,117880.14,heidi.davis@example.com,Average,False
EMP1683,Bob,Brown,35.0,HR-New York,Pending,2022-06-16,100897.49,bob.brown@example.com,Average,True
EMP1684,Charlie,Smith,25.0,Finance-New York,Inactive,2022-05-10,71810.37,charlie.smith@example.com,Average,True
EMP1685,Frank,Miller,40.0,DevOps-Texas,Inactive,2020-06-13,109048.24,frank.miller@example.com,Poor,False
EMP1686,Alice,Miller,35.0,Finance-Texas,Pending,2022-08-20,62712.26,alice.miller@example.com,Average,False
EMP1687,Eva,Jones,40.0,Cloud Tech-Texas,Pending,2021-05-24,76935.85,eva.jones@example.com,Good,True
EMP1688,David,Davis,25.0,Admin-Florida,Pending,2024-04-27,56577.22,david.davis@example.com,Poor,True
EMP1689,David,Johnson,40.0,Finance-Nevada,Inactive,2021-10-23,61102.8,david.johnson@example.com,Good,True
EMP1690,Bob,Johnson,35.0,Finance-Nevada,Inactive,2021-02-10,75229.87,bob.johnson@example.com,Excellent,True
EMP1691,David,Miller,25.0,Admin-Nevada,Inactive,2021-10-26,51054.74,david.miller@example.com,Excellent,False
EMP1692,Bob,Jones,40.0,Admin-Texas,Active,2023-04-05,104843.27,bob.jones@example.com,Excellent,False
EMP1693,Charlie,Brown,35.0,Cloud Tech-New York,Active,2022-10-20,56398.11,charlie.brown@example.com,Excellent,False
EMP1694,Alice,Johnson,25.0,HR-Nevada,Active,2023-12-07,87544.73,alice.johnson@example.com,Good,False
EMP1695,Heidi,Brown,30.0,HR-Illinois,Pending,2024-03-29,74312.24,heidi.brown@example.com,Poor,False
EMP1696,David,Davis,25.0,DevOps-Florida,Inactive,2024-01-23,59431.25,david.davis@example.com,Poor,True
EMP1697,Heidi,Johnson,40.0,Sales-California,Pending,2023-11-28,84306.44,heidi.johnson@example.com,Average,False
EMP1698,Frank,Johnson,35.0,DevOps-Florida,Inactive,2024-11-11,108194.47,frank.johnson@example.com,Good,False
EMP1699,Charlie,Williams,25.0,Sales-New York,Inactive,2021-08-28,107359.3,charlie.williams@example.com,Excellent,False
EMP1700,Heidi,Johnson,25.0,DevOps-Illinois,Inactive,2024-02-11,85547.87,heidi.johnson@example.com,Good,False
EMP1701,Frank,Garcia,30.0,Admin-California,Pending,2020-05-09,96080.26,frank.garcia@example.com,Average,False
EMP1702,Grace,Smith,30.0,Sales-Nevada,Inactive,2024-04-17,88602.75,grace.smith@example.com,Average,True
EMP1703,Frank,Garcia,40.0,DevOps-California,Active,2020-07-16,86624.04,frank.garcia@example.com,Good,True
EMP1704,Charlie,Jones,30.0,Cloud Tech-New York,Active,2022-09-21,63413.16,charlie.jones@example.com,Good,True
EMP1705,Grace,Jones,40.0,Sales-Illinois,Pending,2023-04-23,67915.7,grace.jones@example.com,Good,False
EMP1706,Bob,Brown,25.0,Admin-Nevada,Inactive,2024-12-27,108245.44,bob.brown@example.com,Poor,True
EMP1707,Alice,Garcia,35.0,Sales-Nevada,Inactive,2024-08-10,75834.81,alice.garcia@example.com,Excellent,True
EMP1708,Eva,Garcia,30.0,Cloud Tech-Nevada,Active,2024-09-04,71273.32,eva.garcia@example.com,Good,False
EMP1709,Bob,Garcia,25.0,DevOps-New York,Pending,2022-02-28,63262.23,bob.garcia@example.com,Good,False
EMP1710,David,Davis,30.0,DevOps-New York,Pending,2024-03-14,89069.91,david.davis@example.com,Good,False
EMP1711,Frank,Johnson,40.0,DevOps-Nevada,Inactive,2024-12-13,57287.17,frank.johnson@example.com,Average,True
EMP1712,Grace,Smith,30.0,HR-Nevada,Active,2022-12-29,119890.35,grace.smith@example.com,Average,True
EMP1713,Frank,Brown,35.0,Sales-California,Inactive,2022-04-24,103492.91,frank.brown@example.com,Poor,False
EMP1714,Frank,Garcia,30.0,Admin-Illinois,Pending,2021-03-14,76254.42,frank.garcia@example.com,Excellent,False
EMP1715,Eva,Garcia,35.0,Finance-Florida,Inactive,2020-01-01,100841.93,eva.garcia@example.com,Poor,True
EMP1716,Alice,Williams,30.0,Admin-California,Active,2021-09-07,118907.61,alice.williams@example.com,Excellent,True
EMP1717,Frank,Brown,25.0,DevOps-California,Pending,2022-11-13,88942.62,frank.brown@example.com,Average,False
EMP1718,Charlie,Garcia,25.0,Cloud Tech-Florida,Inactive,2020-11-15,59688.57,charlie.garcia@example.com,Average,False
EMP1719,David,Brown,30.0,HR-California,Active,2023-03-14,77985.88,david.brown@example.com,Average,True
EMP1720,Bob,Johnson,35.0,Finance-New York,Inactive,2024-08-18,112931.69,bob.johnson@example.com,Poor,False
EMP1721,Bob,Williams,30.0,DevOps-California,Active,2024-02-05,106583.88,bob.williams@example.com,Good,True
EMP1722,Alice,Brown,35.0,HR-Florida,Inactive,2024-11-12,58437.84,alice.brown@example.com,Good,True
EMP1723,Alice,Smith,40.0,Cloud Tech-California,Pending,2020-03-25,72352.16,alice.smith@example.com,Average,True
EMP1724,Frank,Smith,30.0,DevOps-New York,Active,2020-04-13,97154.47,frank.smith@example.com,Good,True
EMP1725,Heidi,Jones,30.0,Sales-Illinois,Active,2021-03-30,80235.5,heidi.jones@example.com,Good,False
EMP1726,Charlie,Williams,30.0,HR-Texas,Inactive,2023-03-16,102172.05,charlie.williams@example.com,Poor,False
EMP1727,Eva,Williams,25.0,Finance-Illinois,Inactive,2024-05-03,98850.94,eva.williams@example.com,Excellent,True
EMP1728,Heidi,Jones,30.0,Admin-Florida,Inactive,2023-08-28,89993.15,heidi.jones@example.com,Average,True
EMP1729,David,Brown,30.0,Cloud Tech-California,Inactive,2021-10-24,97931.66,david.brown@example.com,Average,True
EMP1730,Bob,Williams,40.0,Finance-California,Inactive,2021-01-25,72451.69,bob.williams@example.com,Poor,True
EMP1731,Alice,Smith,35.0,Admin-California,Pending,2024-08-09,119311.14,alice.smith@example.com,Poor,True
EMP1732,Charlie,Smith,40.0,Cloud Tech-New York,Active,2023-11-04,76167.46,charlie.smith@example.com,Good,False
EMP1733,Bob,Garcia,25.0,DevOps-Texas,Active,2023-06-25,114871.08,bob.garcia@example.com,Average,False
EMP1734,Eva,Johnson,25.0,HR-Nevada,Active,2021-09-16,81504.31,eva.johnson@example.com,Excellent,False
EMP1735,David,Williams,30.0,Admin-New York,Pending,2022-12-07,102524.86,david.williams@example.com,Poor,False
EMP1736,Charlie,Brown,25.0,Finance-Illinois,Pending,2022-12-14,53043.74,charlie.brown@example.com,Excellent,True
EMP1737,Eva,Jones,30.0,DevOps-Illinois,Inactive,2020-04-18,82547.26,eva.jones@example.com,Excellent,True
EMP1738,Bob,Jones,40.0,DevOps-California,Pending,2024-10-11,113900.81,bob.jones@example.com,Average,True
EMP1739,Bob,Brown,25.0,HR-Nevada,Inactive,2021-04-18,118585.5,bob.brown@example.com,Average,True
EMP1740,Bob,Davis,35.0,Finance-Illinois,Pending,2020-06-29,63049.22,bob.davis@example.com,Poor,True
EMP1741,Heidi,Miller,30.0,DevOps-Texas,Active,2021-05-21,114558.91,heidi.miller@example.com,Average,False
EMP1742,Heidi,Johnson,40.0,DevOps-New York,Active,2021-12-11,97901.79,heidi.johnson@example.com,Average,True
EMP1743,Eva,Jones,30.0,Sales-California,Active,2023-07-05,68037.56,eva.jones@example.com,Average,False
EMP1744,Alice,Williams,30.0,HR-New York,Active,2021-11-30,112802.27,alice.williams@example.com,Excellent,False
EMP1745,Bob,Johnson,40.0,Sales-Nevada,Pending,2024-11-22,93786.72,bob.johnson@example.com,Poor,False
EMP1746,David,Williams,30.0,Admin-Florida,Inactive,2023-05-24,73049.93,david.williams@example.com,Good,False
EMP1747,David,Davis,30.0,Sales-Illinois,Pending,2024-06-26,64161.72,david.davis@example.com,Excellent,True
EMP1748,Charlie,Smith,40.0,Admin-Nevada,Pending,2020-11-19,72224.73,charlie.smith@example.com,Average,False
EMP1749,Bob,Johnson,30.0,HR-New York,Pending,2020-03-01,103580.45,bob.johnson@example.com,Excellent,False
EMP1750,Grace,Garcia,40.0,HR-Florida,Pending,2024-08-09,112589.11,grace.garcia@example.com,Average,False
EMP1751,Eva,Jones,30.0,Admin-Texas,Active,2021-01-13,51833.88,eva.jones@example.com,Average,True
EMP1752,Eva,Johnson,30.0,Sales-Illinois,Active,2023-05-06,66252.78,eva.johnson@example.com,Excellent,True
EMP1753,Frank,Johnson,25.0,DevOps-Florida,Active,2022-10-25,109229.68,frank.johnson@example.com,Poor,True
EMP1754,Frank,Johnson,30.0,Finance-Florida,Inactive,2020-10-08,61465.05,frank.johnson@example.com,Average,False
EMP1755,Grace,Miller,25.0,HR-Florida,Active,2024-02-29,96993.74,grace.miller@example.com,Poor,False
EMP1756,David,Johnson,25.0,Admin-Florida,Pending,2022-09-30,98150.39,david.johnson@example.com,Good,True
EMP1757,David,Williams,40.0,Finance-Texas,Pending,2024-02-14,107703.0,david.williams@example.com,Average,False
EMP1758,Grace,Smith,30.0,DevOps-Illinois,Pending,2023-01-03,86766.14,grace.smith@example.com,Poor,True
EMP1759,Alice,Davis,30.0,Cloud Tech-Florida,Inactive,2024-08-20,111443.69,alice.davis@example.com,Poor,True
EMP1760,David,Brown,30.0,Sales-Florida,Pending,2020-03-21,89039.07,david.brown@example.com,Good,False
EMP1761,Alice,Johnson,30.0,HR-Florida,Inactive,2024-12-16,71318.79,alice.johnson@example.com,Poor,False
EMP1762,Heidi,Jones,30.0,Finance-California,Pending,2020-04-21,98296.71,heidi.jones@example.com,Poor,False
EMP1763,Heidi,Johnson,40.0,Cloud Tech-Nevada,Pending,2020-08-19,62584.0,heidi.johnson@example.com,Good,False
EMP1764,Charlie,Jones,40.0,Finance-California,Inactive,2020-02-21,62521.5,charlie.jones@example.com,Average,True
EMP1765,David,Williams,40.0,Cloud Tech-California,Inactive,2023-11-17,95400.35,david.williams@example.com,Poor,True
EMP1766,Charlie,Jones,25.0,Cloud Tech-Texas,Pending,2022-07-09,94385.07,charlie.jones@example.com,Poor,True
EMP1767,Grace,Garcia,30.0,Sales-New York,Inactive,2023-02-01,76642.49,grace.garcia@example.com,Poor,True
EMP1768,Frank,Brown,30.0,DevOps-New York,Active,2024-11-14,60122.52,frank.brown@example.com,Excellent,True
EMP1769,Alice,Smith,40.0,HR-California,Pending,2024-04-23,117267.63,alice.smith@example.com,Good,False
EMP1770,Charlie,Jones,25.0,Admin-New York,Active,2023-06-29,85547.87,charlie.jones@example.com,Excellent,True
EMP1771,Heidi,Jones,40.0,Sales-Texas,Pending,2024-12-12,84542.68,heidi.jones@example.com,Good,True
EMP1772,Heidi,Smith,40.0,Finance-Florida,Active,2023-05-16,92007.15,heidi.smith@example.com,Average,True
EMP1773,Eva,Brown,30.0,DevOps-Illinois,Active,2020-04-10,62938.8,eva.brown@example.com,Average,False
EMP1774,Frank,Johnson,25.0,Admin-Texas,Pending,2023-03-29,108661.01,frank.johnson@example.com,Poor,False
EMP1775,Bob,Jones,25.0,Cloud Tech-Florida,Active,2020-11-26,97046.33,bob.jones@example.com,Good,False
EMP1776,Charlie,Smith,40.0,DevOps-Illinois,Inactive,2020-03-14,56518.84,charlie.smith@example.com,Average,False
EMP1777,Frank,Garcia,40.0,Cloud Tech-Florida,Pending,2020-05-12,70498.29,frank.garcia@example.com,Good,True
EMP1778,Eva,Garcia,35.0,Sales-Florida,Pending,2021-03-05,98708.06,eva.garcia@example.com,Average,True
EMP1779,Bob,Williams,30.0,DevOps-Nevada,Pending,2020-06-28,83856.41,bob.williams@example.com,Excellent,False
EMP1780,Eva,Smith,40.0,Sales-California,Inactive,2022-12-12,90259.99,eva.smith@example.com,Average,False
EMP1781,Charlie,Williams,30.0,Sales-Florida,Pending,2024-02-02,94230.03,charlie.williams@example.com,Excellent,True
EMP1782,Charlie,Garcia,30.0,Admin-Nevada,Inactive,2021-01-31,50110.66,charlie.garcia@example.com,Average,True
EMP1783,Bob,Brown,30.0,Sales-Florida,Inactive,2020-04-03,73365.46,bob.brown@example.com,Poor,False
EMP1784,David,Johnson,25.0,DevOps-New York,Pending,2021-07-30,67809.23,david.johnson@example.com,Excellent,False
EMP1785,Eva,Smith,30.0,Sales-California,Active,2020-08-21,98008.51,eva.smith@example.com,Average,False
EMP1786,Alice,Davis,30.0,Admin-California,Inactive,2023-10-09,83537.58,alice.davis@example.com,Poor,False
EMP1787,Alice,Garcia,30.0,Finance-New York,Pending,2022-08-01,112444.08,alice.garcia@example.com,Excellent,True
EMP1788,Frank,Garcia,40.0,Finance-Nevada,Active,2024-09-06,86475.13,frank.garcia@example.com,Poor,True
EMP1789,Frank,Davis,30.0,Sales-Texas,Active,2023-03-28,97984.53,frank.davis@example.com,Good,True
EMP1790,Frank,Miller,25.0,Admin-California,Active,2021-11-25,118853.31,frank.miller@example.com,Good,False
EMP1791,Charlie,Garcia,30.0,Sales-Florida,Active,2023-05-03,58179.12,charlie.garcia@example.com,Excellent,False
EMP1792,Eva,Jones,35.0,DevOps-Texas,Inactive,2022-04-27,56075.84,eva.jones@example.com,Average,True
EMP1793,Frank,Brown,40.0,HR-New York,Pending,2021-09-11,62250.89,frank.brown@example.com,Excellent,True
EMP1794,Alice,Smith,30.0,Cloud Tech-Florida,Pending,2020-02-21,105931.77,alice.smith@example.com,Poor,True
EMP1795,Charlie,Davis,30.0,HR-Florida,Pending,2024-11-24,86653.96,charlie.davis@example.com,Average,True
EMP1796,Charlie,Jones,25.0,Sales-Nevada,Active,2021-02-24,100719.94,charlie.jones@example.com,Good,False
EMP1797,Bob,Davis,25.0,HR-Texas,Pending,2024-10-02,91600.13,bob.davis@example.com,Average,True
EMP1798,Heidi,Smith,25.0,Cloud Tech-Illinois,Pending,2024-03-06,71873.66,heidi.smith@example.com,Good,True
EMP1799,Eva,Williams,30.0,HR-New York,Active,2021-08-09,69365.47,eva.williams@example.com,Average,True
EMP1800,Heidi,Smith,25.0,HR-New York,Active,2021-07-14,58012.23,heidi.smith@example.com,Average,True
EMP1801,Bob,Miller,30.0,Sales-California,Pending,2021-10-14,68973.65,bob.miller@example.com,Average,True
EMP1802,Eva,Smith,30.0,Admin-New York,Active,2021-09-29,92928.4,eva.smith@example.com,Poor,True
EMP1803,Heidi,Smith,25.0,Admin-Texas,Inactive,2023-10-15,53531.92,heidi.smith@example.com,Poor,True
EMP1804,Bob,Miller,40.0,Finance-New York,Pending,2023-05-05,112389.31,bob.miller@example.com,Excellent,False
EMP1805,Heidi,Brown,30.0,HR-California,Inactive,2024-08-01,63870.3,heidi.brown@example.com,Excellent,False
EMP1806,Bob,Garcia,40.0,Sales-New York,Active,2024-07-22,106164.53,bob.garcia@example.com,Good,False
EMP1807,Bob,Smith,40.0,HR-Nevada,Pending,2023-12-25,103654.54,bob.smith@example.com,Poor,False
EMP1808,David,Miller,30.0,Sales-California,Inactive,2022-03-13,62834.72,david.miller@example.com,Good,True
EMP1809,Frank,Jones,35.0,Finance-Florida,Active,2020-05-13,83273.41,frank.jones@example.com,Excellent,False
EMP1810,Heidi,Williams,30.0,HR-California,Pending,2023-03-22,58917.58,heidi.williams@example.com,Good,False
EMP1811,Bob,Williams,35.0,Sales-Nevada,Active,2024-06-10,71148.27,bob.williams@example.com,Excellent,True
EMP1812,Grace,Smith,30.0,Sales-New York,Pending,2020-11-21,118172.42,grace.smith@example.com,Poor,True
EMP1813,Frank,Brown,30.0,DevOps-Illinois,Inactive,2024-05-25,118614.37,frank.brown@example.com,Average,False
EMP1814,Frank,Brown,30.0,DevOps-New York,Active,2023-09-19,96872.36,frank.brown@example.com,Poor,False
EMP1815,Heidi,Jones,25.0,Sales-Illinois,Inactive,2021-10-28,88856.14,heidi.jones@example.com,Good,True
EMP1816,Charlie,Smith,35.0,Finance-Texas,Pending,2020-08-10,97985.61,charlie.smith@example.com,Good,False
EMP1817,Grace,Williams,35.0,Finance-Nevada,Pending,2020-05-05,56337.31,grace.williams@example.com,Poor,True
EMP1818,Alice,Brown,30.0,DevOps-New York,Inactive,2022-12-24,70405.23,alice.brown@example.com,Poor,True
EMP1819,Heidi,Smith,30.0,Admin-Nevada,Inactive,2021-09-05,89919.35,heidi.smith@example.com,Excellent,True
EMP1820,Eva,Davis,40.0,DevOps-California,Active,2023-04-08,50568.35,eva.davis@example.com,Good,True
EMP1821,Grace,Brown,30.0,HR-Texas,Inactive,2023-01-29,85547.87,grace.brown@example.com,Good,False
EMP1822,Frank,Miller,25.0,HR-Texas,Active,2022-06-03,99155.53,frank.miller@example.com,Poor,True
EMP1823,Frank,Davis,40.0,Finance-Florida,Inactive,2023-01-21,64785.13,frank.davis@example.com,Average,True
EMP1824,Charlie,Garcia,30.0,Sales-Florida,Inactive,2024-09-16,79206.48,charlie.garcia@example.com,Good,False
EMP1825,Charlie,Brown,30.0,Cloud Tech-Texas,Pending,2020-02-02,60079.71,charlie.brown@example.com,Average,True
EMP1826,Grace,Williams,30.0,Cloud Tech-New York,Pending,2024-07-08,79109.88,grace.williams@example.com,Poor,False
EMP1827,Grace,Johnson,30.0,Admin-Florida,Pending,2022-05-18,88643.5,grace.johnson@example.com,Poor,False
EMP1828,Frank,Davis,30.0,Admin-Florida,Pending,2020-01-16,90455.7,frank.davis@example.com,Excellent,False
EMP1829,David,Garcia,30.0,HR-Florida,Pending,2023-03-26,75687.9,david.garcia@example.com,Good,True
EMP1830,Heidi,Jones,35.0,Cloud Tech-Illinois,Inactive,2023-11-15,55604.42,heidi.jones@example.com,Average,False
EMP1831,Eva,Jones,40.0,Sales-Texas,Pending,2024-12-27,92704.94,eva.jones@example.com,Excellent,False
EMP1832,Bob,Williams,30.0,Sales-California,Pending,2020-04-18,113250.97,bob.williams@example.com,Good,True
EMP1833,Alice,Brown,40.0,Finance-Illinois,Inactive,2023-03-21,101367.02,alice.brown@example.com,Excellent,False
EMP1834,Eva,Smith,35.0,Admin-Texas,Pending,2023-05-08,102459.77,eva.smith@example.com,Poor,False
EMP1835,Eva,Brown,25.0,DevOps-Florida,Pending,2020-12-12,90100.2,eva.brown@example.com,Good,False
EMP1836,Eva,Williams,30.0,Cloud Tech-California,Inactive,2020-06-17,58877.49,eva.williams@example.com,Excellent,False
EMP1837,Eva,Jones,35.0,Admin-Illinois,Inactive,2021-07-17,85547.87,eva.jones@example.com,Excellent,False
EMP1838,Bob,Brown,30.0,Admin-Illinois,Pending,2020-11-05,96140.89,bob.brown@example.com,Average,True
EMP1839,Charlie,Jones,35.0,DevOps-New York,Inactive,2021-01-05,105956.04,charlie.jones@example.com,Excellent,False
EMP1840,Frank,Davis,25.0,Admin-Illinois,Active,2024-09-11,84716.38,frank.davis@example.com,Good,False
EMP1841,Grace,Garcia,30.0,DevOps-Florida,Pending,2023-07-29,61709.83,grace.garcia@example.com,Good,True
EMP1842,Frank,Smith,25.0,DevOps-California,Active,2020-04-17,61732.03,frank.smith@example.com,Average,True
EMP1843,Eva,Davis,40.0,DevOps-Illinois,Active,2022-02-16,97845.7,eva.davis@example.com,Good,True
EMP1844,Eva,Jones,30.0,Sales-Florida,Active,2021-08-14,114905.58,eva.jones@example.com,Poor,False
EMP1845,Frank,Jones,30.0,DevOps-Texas,Active,2022-12-24,94619.69,frank.jones@example.com,Good,True
EMP1846,Grace,Johnson,30.0,DevOps-California,Inactive,2021-07-07,68696.15,grace.johnson@example.com,Good,False
EMP1847,Grace,Johnson,40.0,DevOps-Nevada,Active,2024-02-12,97032.29,grace.johnson@example.com,Excellent,False
EMP1848,Frank,Davis,30.0,HR-Illinois,Active,2023-10-09,50593.33,frank.davis@example.com,Excellent,True
EMP1849,Grace,Miller,25.0,Sales-Texas,Pending,2022-07-02,74606.15,grace.miller@example.com,Good,True
EMP1850,Eva,Davis,30.0,Cloud Tech-Texas,Pending,2020-07-07,53981.73,eva.davis@example.com,Average,False
EMP1851,David,Johnson,30.0,DevOps-Texas,Pending,2020-09-02,56047.05,david.johnson@example.com,Excellent,True
EMP1852,Grace,Jones,30.0,Admin-Texas,Pending,2021-01-12,67733.5,grace.jones@example.com,Average,False
EMP1853,Bob,Williams,40.0,HR-Florida,Pending,2023-09-29,103891.64,bob.williams@example.com,Good,True
EMP1854,Charlie,Davis,25.0,HR-Texas,Inactive,2022-03-06,73285.83,charlie.davis@example.com,Good,True
EMP1855,Eva,Jones,30.0,Finance-Texas,Inactive,2021-02-14,92721.13,eva.jones@example.com,Poor,True
EMP1856,Heidi,Williams,25.0,Admin-Illinois,Inactive,2021-03-23,92977.64,heidi.williams@example.com,Excellent,False
EMP1857,Heidi,Williams,35.0,Cloud Tech-Texas,Active,2020-05-24,89994.12,heidi.williams@example.com,Good,True
EMP1858,Heidi,Johnson,25.0,Finance-New York,Pending,2023-08-04,50060.73,heidi.johnson@example.com,Poor,False
EMP1859,Grace,Davis,35.0,Admin-Nevada,Inactive,2022-03-12,90224.82,grace.davis@example.com,Excellent,False
EMP1860,Heidi,Brown,40.0,Finance-Florida,Pending,2024-05-18,106859.3,heidi.brown@example.com,Good,False
EMP1861,David,Smith,25.0,Finance-Nevada,Inactive,2020-09-05,89707.07,david.smith@example.com,Good,False
EMP1862,Frank,Johnson,35.0,DevOps-California,Inactive,2020-04-23,94259.08,frank.johnson@example.com,Excellent,True
EMP1863,Bob,Johnson,35.0,Sales-California,Active,2024-09-18,82174.75,bob.johnson@example.com,Excellent,False
EMP1864,David,Brown,30.0,Sales-Texas,Inactive,2023-09-15,63370.22,david.brown@example.com,Excellent,False
EMP1865,Bob,Smith,35.0,Finance-Texas,Pending,2022-06-15,101472.69,bob.smith@example.com,Good,True
EMP1866,David,Jones,25.0,DevOps-Illinois,Active,2022-09-28,77213.73,david.jones@example.com,Good,False
EMP1867,Eva,Miller,40.0,Sales-Florida,Active,2020-03-16,73749.96,eva.miller@example.com,Poor,True
EMP1868,Alice,Davis,40.0,Cloud Tech-New York,Pending,2023-09-28,86618.37,alice.davis@example.com,Average,False
EMP1869,Charlie,Miller,30.0,Admin-Texas,Active,2024-02-15,59911.33,charlie.miller@example.com,Excellent,True
EMP1870,Heidi,Jones,30.0,Cloud Tech-New York,Pending,2023-08-21,59137.64,heidi.jones@example.com,Good,False
EMP1871,Alice,Garcia,35.0,Cloud Tech-Florida,Pending,2020-12-15,108474.65,alice.garcia@example.com,Good,True
EMP1872,Bob,Johnson,25.0,Finance-Illinois,Pending,2021-03-27,54417.71,bob.johnson@example.com,Excellent,False
EMP1873,Frank,Smith,40.0,HR-Texas,Pending,2023-03-25,88211.94,frank.smith@example.com,Average,False
EMP1874,David,Johnson,25.0,Sales-New York,Inactive,2020-05-09,58452.18,david.johnson@example.com,Excellent,True
EMP1875,Grace,Williams,30.0,DevOps-California,Pending,2020-12-03,80706.28,grace.williams@example.com,Average,True
EMP1876,Alice,Johnson,30.0,Cloud Tech-Nevada,Pending,2022-02-09,85547.87,alice.johnson@example.com,Good,True
EMP1877,Heidi,Johnson,25.0,Cloud Tech-Texas,Active,2020-07-01,99471.89,heidi.johnson@example.com,Average,True
EMP1878,Eva,Jones,40.0,DevOps-Florida,Pending,2020-09-16,64431.22,eva.jones@example.com,Poor,False
EMP1879,Heidi,Jones,40.0,Admin-New York,Pending,2023-11-17,52633.48,heidi.jones@example.com,Good,False
EMP1880,Heidi,Jones,30.0,Cloud Tech-Nevada,Inactive,2021-12-13,79315.01,heidi.jones@example.com,Poor,True
EMP1881,David,Miller,25.0,Sales-Texas,Pending,2022-01-11,110391.17,david.miller@example.com,Excellent,False
EMP1882,David,Williams,40.0,DevOps-Nevada,Active,2021-07-20,53714.83,david.williams@example.com,Excellent,True
EMP1883,Charlie,Garcia,40.0,Finance-New York,Active,2023-10-04,114587.11,charlie.garcia@example.com,Excellent,True
EMP1884,Frank,Garcia,35.0,Admin-Florida,Inactive,2021-11-15,93177.35,frank.garcia@example.com,Average,False
EMP1885,Heidi,Jones,25.0,Cloud Tech-Nevada,Active,2023-01-05,62312.13,heidi.jones@example.com,Good,False
EMP1886,Heidi,Smith,30.0,Cloud Tech-Texas,Active,2024-01-17,81137.46,heidi.smith@example.com,Excellent,False
EMP1887,Grace,Miller,30.0,DevOps-Nevada,Inactive,2021-04-16,104528.27,grace.miller@example.com,Excellent,False
EMP1888,Bob,Brown,30.0,DevOps-Florida,Active,2022-02-08,112395.56,bob.brown@example.com,Good,False
EMP1889,Heidi,Smith,25.0,Finance-New York,Active,2023-06-02,81849.36,heidi.smith@example.com,Excellent,False
EMP1890,Charlie,Davis,40.0,DevOps-New York,Pending,2022-01-04,118288.91,charlie.davis@example.com,Poor,False
EMP1891,Charlie,Davis,25.0,DevOps-Illinois,Active,2021-07-28,59555.1,charlie.davis@example.com,Good,True
EMP1892,Heidi,Smith,40.0,Admin-California,Active,2024-12-20,70661.31,heidi.smith@example.com,Good,True
EMP1893,Charlie,Jones,30.0,Sales-New York,Active,2022-04-23,109988.16,charlie.jones@example.com,Good,True
EMP1894,David,Brown,30.0,Finance-Florida,Inactive,2020-01-30,101101.24,david.brown@example.com,Poor,True
EMP1895,David,Brown,30.0,HR-Florida,Pending,2021-03-31,112427.58,david.brown@example.com,Good,True
EMP1896,Charlie,Miller,30.0,Cloud Tech-Florida,Active,2020-03-23,119389.15,charlie.miller@example.com,Poor,False
EMP1897,Alice,Brown,40.0,Sales-Florida,Inactive,2024-07-16,105861.23,alice.brown@example.com,Good,True
EMP1898,Heidi,Davis,40.0,Admin-Texas,Pending,2024-03-22,50869.61,heidi.davis@example.com,Average,True
EMP1899,David,Williams,30.0,HR-California,Active,2023-08-19,85547.87,david.williams@example.com,Excellent,True
EMP1900,Eva,Jones,30.0,DevOps-Florida,Pending,2024-03-10,90856.21,eva.jones@example.com,Average,True
EMP1901,Heidi,Brown,30.0,DevOps-Florida,Active,2024-06-05,111008.63,heidi.brown@example.com,Excellent,True
EMP1902,Alice,Miller,25.0,Finance-Nevada,Inactive,2022-12-23,52289.99,alice.miller@example.com,Poor,True
EMP1903,Eva,Davis,30.0,Sales-Illinois,Active,2024-06-01,97926.56,eva.davis@example.com,Average,True
EMP1904,Frank,Williams,25.0,Sales-Nevada,Inactive,2024-12-23,53609.38,frank.williams@example.com,Good,False
EMP1905,Heidi,Johnson,30.0,Cloud Tech-California,Inactive,2020-12-24,95372.09,heidi.johnson@example.com,Excellent,False
EMP1906,David,Johnson,30.0,HR-New York,Pending,2020-08-20,95432.69,david.johnson@example.com,Excellent,True
EMP1907,David,Williams,30.0,HR-California,Inactive,2022-10-28,97615.87,david.williams@example.com,Average,False
EMP1908,Bob,Davis,35.0,HR-Florida,Inactive,2022-10-23,86867.78,bob.davis@example.com,Poor,False
EMP1909,Eva,Miller,40.0,Sales-California,Pending,2023-11-20,106615.71,eva.miller@example.com,Average,False
EMP1910,Bob,Williams,30.0,Finance-Texas,Active,2022-03-11,112856.21,bob.williams@example.com,Poor,False
EMP1911,Bob,Jones,25.0,Admin-California,Active,2023-11-28,60356.78,bob.jones@example.com,Poor,True
EMP1912,David,Jones,30.0,DevOps-Texas,Inactive,2022-05-03,117870.22,david.jones@example.com,Excellent,False
EMP1913,Charlie,Johnson,40.0,HR-Florida,Inactive,2024-02-19,95127.91,charlie.johnson@example.com,Average,False
EMP1914,Bob,Brown,25.0,Admin-Illinois,Pending,2021-11-18,78818.42,bob.brown@example.com,Average,False
EMP1915,Frank,Miller,40.0,Sales-Nevada,Pending,2022-12-21,108933.55,frank.miller@example.com,Poor,True
EMP1916,Eva,Johnson,30.0,Admin-California,Active,2024-06-04,68200.52,eva.johnson@example.com,Average,True
EMP1917,Eva,Brown,25.0,Admin-California,Inactive,2022-07-22,116934.97,eva.brown@example.com,Good,True
EMP1918,Charlie,Brown,30.0,HR-New York,Active,2024-09-14,99567.78,charlie.brown@example.com,Good,True
EMP1919,Charlie,Garcia,30.0,Admin-Texas,Active,2021-10-10,90216.76,charlie.garcia@example.com,Average,True
EMP1920,Frank,Jones,30.0,Admin-Illinois,Pending,2020-03-12,96588.73,frank.jones@example.com,Average,True
EMP1921,Charlie,Davis,35.0,Finance-Illinois,Active,2022-12-28,71109.18,charlie.davis@example.com,Poor,True
EMP1922,Grace,Smith,40.0,Admin-Florida,Inactive,2020-11-15,50300.6,grace.smith@example.com,Good,False
EMP1923,Frank,Davis,35.0,Finance-California,Pending,2023-09-27,60295.84,frank.davis@example.com,Good,False
EMP1924,Heidi,Smith,35.0,DevOps-Texas,Pending,2022-09-07,113012.21,heidi.smith@example.com,Excellent,False
EMP1925,Bob,Williams,35.0,Cloud Tech-Florida,Pending,2024-09-18,65425.54,bob.williams@example.com,Poor,True
EMP1926,Frank,Jones,25.0,Sales-Nevada,Active,2023-04-09,86850.37,frank.jones@example.com,Excellent,True
EMP1927,Eva,Brown,30.0,Cloud Tech-Texas,Pending,2024-10-05,81182.07,eva.brown@example.com,Good,True
EMP1928,Bob,Miller,30.0,Finance-New York,Inactive,2021-10-12,92222.03,bob.miller@example.com,Poor,True
EMP1929,Alice,Smith,35.0,Finance-New York,Pending,2024-10-14,79934.83,alice.smith@example.com,Average,True
EMP1930,Alice,Davis,35.0,HR-California,Inactive,2022-07-01,111201.12,alice.davis@example.com,Poor,False
EMP1931,Heidi,Brown,40.0,Finance-California,Active,2024-07-08,100960.05,heidi.brown@example.com,Average,False
EMP1932,Grace,Smith,30.0,Sales-Illinois,Active,2020-10-21,64544.87,grace.smith@example.com,Average,True
EMP1933,Frank,Smith,25.0,Sales-Florida,Active,2020-01-14,78662.24,frank.smith@example.com,Poor,True
EMP1934,Grace,Garcia,30.0,Sales-Florida,Pending,2023-03-09,102867.06,grace.garcia@example.com,Average,True
EMP1935,Charlie,Smith,40.0,HR-Illinois,Inactive,2020-03-27,107595.95,charlie.smith@example.com,Excellent,True
EMP1936,Eva,Miller,40.0,Sales-Nevada,Inactive,2021-04-04,85547.87,eva.miller@example.com,Good,False
EMP1937,Eva,Jones,35.0,DevOps-Nevada,Inactive,2020-09-11,95766.91,eva.jones@example.com,Average,True
EMP1938,Grace,Miller,30.0,Finance-Nevada,Pending,2021-05-16,51990.98,grace.miller@example.com,Excellent,True
EMP1939,Heidi,Johnson,25.0,Sales-Nevada,Inactive,2023-04-05,83634.01,heidi.johnson@example.com,Average,True
EMP1940,Eva,Brown,40.0,DevOps-Texas,Inactive,2022-11-15,85547.87,eva.brown@example.com,Good,True
EMP1941,Eva,Jones,30.0,Sales-Texas,Active,2021-10-16,82273.08,eva.jones@example.com,Excellent,False
EMP1942,Frank,Garcia,30.0,Cloud Tech-California,Inactive,2022-05-09,94537.3,frank.garcia@example.com,Good,True
EMP1943,Alice,Jones,35.0,HR-Illinois,Pending,2020-06-06,85970.65,alice.jones@example.com,Good,True
EMP1944,Charlie,Jones,25.0,Sales-New York,Pending,2021-10-22,111071.02,charlie.jones@example.com,Excellent,False
EMP1945,Eva,Davis,35.0,DevOps-Nevada,Pending,2022-01-12,56708.34,eva.davis@example.com,Excellent,False
EMP1946,Charlie,Jones,25.0,Admin-Illinois,Inactive,2022-02-02,104516.55,charlie.jones@example.com,Excellent,False
EMP1947,Charlie,Garcia,25.0,Admin-New York,Pending,2021-03-28,108210.15,charlie.garcia@example.com,Poor,True
EMP1948,Bob,Miller,40.0,Finance-Texas,Active,2024-08-03,85547.87,bob.miller@example.com,Excellent,True
EMP1949,Frank,Jones,35.0,DevOps-California,Active,2024-07-31,80935.65,frank.jones@example.com,Excellent,False
EMP1950,Frank,Williams,30.0,DevOps-California,Active,2024-03-04,107020.19,frank.williams@example.com,Excellent,False
EMP1951,Charlie,Brown,30.0,HR-New York,Active,2020-09-23,118677.67,charlie.brown@example.com,Excellent,False
EMP1952,Bob,Jones,25.0,Cloud Tech-Florida,Inactive,2020-03-28,63744.57,bob.jones@example.com,Average,False
EMP1953,Alice,Brown,40.0,Cloud Tech-California,Active,2020-05-15,85547.87,alice.brown@example.com,Poor,False
EMP1954,Bob,Williams,25.0,Sales-New York,Pending,2021-02-13,62934.73,bob.williams@example.com,Good,False
EMP1955,Bob,Williams,30.0,DevOps-California,Pending,2021-12-13,74654.23,bob.williams@example.com,Excellent,True
EMP1956,David,Brown,30.0,Sales-Texas,Active,2024-08-05,85547.87,david.brown@example.com,Average,True
EMP1957,David,Smith,30.0,HR-New York,Pending,2020-01-09,118150.59,david.smith@example.com,Average,True
EMP1958,David,Johnson,30.0,DevOps-Florida,Inactive,2023-11-30,91256.64,david.johnson@example.com,Average,False
EMP1959,Bob,Davis,30.0,HR-Florida,Inactive,2021-03-14,85997.57,bob.davis@example.com,Good,False
EMP1960,Frank,Smith,25.0,Finance-Texas,Pending,2020-10-05,84707.12,frank.smith@example.com,Excellent,False
EMP1961,Eva,Smith,30.0,DevOps-Texas,Active,2021-11-02,84559.9,eva.smith@example.com,Poor,False
EMP1962,Heidi,Miller,30.0,DevOps-California,Pending,2024-09-18,81076.91,heidi.miller@example.com,Poor,False
EMP1963,Eva,Davis,40.0,Admin-Texas,Inactive,2023-10-22,85547.87,eva.davis@example.com,Average,False
EMP1964,Heidi,Davis,25.0,Finance-Florida,Pending,2023-09-10,97356.31,heidi.davis@example.com,Good,True
EMP1965,Grace,Smith,40.0,DevOps-Illinois,Active,2024-02-27,114770.32,grace.smith@example.com,Good,True
EMP1966,Bob,Jones,35.0,Admin-California,Active,2023-05-03,109082.07,bob.jones@example.com,Good,False
EMP1967,David,Miller,40.0,DevOps-Florida,Inactive,2024-04-15,99944.57,david.miller@example.com,Poor,True
EMP1968,Eva,Miller,40.0,HR-Florida,Pending,2023-05-20,116509.72,eva.miller@example.com,Average,False
EMP1969,Eva,Williams,30.0,Finance-Texas,Active,2021-05-28,84253.9,eva.williams@example.com,Excellent,True
EMP1970,Charlie,Garcia,25.0,Cloud Tech-Nevada,Active,2024-08-27,54776.01,charlie.garcia@example.com,Poor,False
EMP1971,Charlie,Davis,40.0,Sales-Nevada,Inactive,2020-11-08,71192.68,charlie.davis@example.com,Average,False
EMP1972,Bob,Smith,30.0,Finance-Florida,Active,2021-08-24,96346.53,bob.smith@example.com,Average,True
EMP1973,Eva,Williams,30.0,HR-Illinois,Pending,2020-02-06,116680.63,eva.williams@example.com,Excellent,True
EMP1974,Grace,Brown,25.0,Finance-Florida,Inactive,2024-10-12,76343.56,grace.brown@example.com,Excellent,False
EMP1975,Alice,Johnson,30.0,Sales-Nevada,Inactive,2024-12-16,99424.14,alice.johnson@example.com,Excellent,False
EMP1976,Charlie,Garcia,35.0,DevOps-Florida,Inactive,2024-04-13,57656.74,charlie.garcia@example.com,Good,True
EMP1977,Heidi,Garcia,40.0,Sales-New York,Pending,2020-04-24,77396.94,heidi.garcia@example.com,Excellent,True
EMP1978,Grace,Garcia,30.0,DevOps-California,Inactive,2021-10-18,54299.68,grace.garcia@example.com,Average,False
EMP1979,Charlie,Miller,35.0,HR-Nevada,Pending,2020-02-25,103563.58,charlie.miller@example.com,Excellent,True
EMP1980,Grace,Brown,25.0,Finance-California,Inactive,2022-04-23,74588.85,grace.brown@example.com,Average,False
EMP1981,David,Garcia,30.0,DevOps-California,Pending,2020-06-22,113727.23,david.garcia@example.com,Poor,False
EMP1982,Eva,Brown,25.0,HR-New York,Active,2023-01-07,72828.18,eva.brown@example.com,Good,False
EMP1983,Grace,Jones,30.0,Sales-Florida,Inactive,2020-02-11,98717.09,grace.jones@example.com,Poor,False
EMP1984,Frank,Garcia,40.0,Sales-Florida,Inactive,2023-03-18,56840.8,frank.garcia@example.com,Poor,True
EMP1985,David,Johnson,35.0,Finance-Illinois,Pending,2021-11-26,61663.91,david.johnson@example.com,Average,True
EMP1986,Grace,Brown,30.0,Finance-Nevada,Active,2024-09-17,109523.4,grace.brown@example.com,Poor,True
EMP1987,Eva,Brown,25.0,HR-Illinois,Inactive,2024-07-05,65812.02,eva.brown@example.com,Average,True
EMP1988,Bob,Johnson,30.0,Cloud Tech-Illinois,Inactive,2021-07-13,54708.88,bob.johnson@example.com,Excellent,True
EMP1989,Heidi,Garcia,40.0,Admin-California,Active,2023-08-27,107661.73,heidi.garcia@example.com,Excellent,True
EMP1990,Eva,Johnson,40.0,DevOps-Illinois,Inactive,2021-02-13,79002.0,eva.johnson@example.com,Average,True
EMP1991,Heidi,Brown,30.0,Admin-Texas,Pending,2023-12-11,86135.69,heidi.brown@example.com,Excellent,False
EMP1992,Heidi,Johnson,30.0,DevOps-Nevada,Inactive,2021-07-02,115601.4,heidi.johnson@example.com,Good,True
EMP1993,Grace,Brown,30.0,DevOps-Nevada,Active,2022-12-05,64045.36,grace.brown@example.com,Poor,True
EMP1994,David,Brown,30.0,DevOps-Nevada,Inactive,2024-09-24,80477.21,david.brown@example.com,Good,False
EMP1995,Bob,Jones,30.0,Finance-California,Inactive,2023-08-16,61240.9,bob.jones@example.com,Poor,True
EMP1996,David,Smith,40.0,Admin-Texas,Active,2021-01-28,51939.29,david.smith@example.com,Excellent,True
EMP1997,Eva,Brown,40.0,Finance-Illinois,Inactive,2022-05-14,95284.54,eva.brown@example.com,Good,False
EMP1998,Charlie,Garcia,35.0,Admin-Texas,Inactive,2024-06-05,106247.67,charlie.garcia@example.com,Excellent,True
EMP1999,Charlie,Williams,25.0,DevOps-Florida,Active,2020-04-23,110170.88,charlie.williams@example.com,Poor,True
EMP2000,Charlie,Miller,25.0,HR-Nevada,Pending,2024-06-10,52615.44,charlie.miller@example.com,Average,True
EMP2001,Eva,Davis,30.0,DevOps-Illinois,Inactive,2020-04-18,82547.26,eva.davis@example.com,Average,False
EMP2002,Bob,Smith,35.0,Finance-Illinois,Pending,2020-06-29,63049.22,bob.smith@example.com,Good,True
EMP2003,Frank,Smith,35.0,HR-California,Pending,2023-02-15,115229.12,frank.smith@example.com,Excellent,True
EMP2004,Grace,Smith,25.0,DevOps-Illinois,Pending,2023-06-15,60687.63,grace.smith@example.com,Excellent,False
EMP2005,Frank,Jones,30.0,Finance-Illinois,Inactive,2022-03-19,67492.73,frank.jones@example.com,Good,True
EMP2006,Grace,Brown,30.0,HR-Illinois,Inactive,2023-10-25,77821.79,grace.brown@example.com,Average,False
EMP2007,Charlie,Jones,35.0,DevOps-Texas,Active,2022-07-14,69146.95,charlie.jones@example.com,Poor,False
EMP2008,Grace,Brown,35.0,Admin-Nevada,Inactive,2022-03-12,90224.82,grace.brown@example.com,Good,True
EMP2009,David,Garcia,30.0,Finance-Illinois,Pending,2024-06-11,62603.98,david.garcia@example.com,Poor,False
EMP2010,Bob,Jones,35.0,Sales-Nevada,Active,2024-06-10,71148.27,bob.jones@example.com,Average,False
EMP2011,David,Jones,40.0,Admin-California,Inactive,2022-09-21,52031.74,david.jones@example.com,Excellent,True
EMP2012,Grace,Miller,35.0,DevOps-Florida,Inactive,2023-04-15,85547.87,grace.miller@example.com,Average,False
EMP2013,Eva,Williams,30.0,HR-Illinois,Pending,2020-02-06,116680.63,eva.williams@example.com,Good,False
EMP2014,Grace,Jones,30.0,Finance-Nevada,Pending,2021-05-16,51990.98,grace.jones@example.com,Excellent,True
EMP2015,David,Miller,30.0,HR-California,Active,2023-08-19,85547.87,david.miller@example.com,Good,True
EMP2016,David,Johnson,30.0,Cloud Tech-Texas,Inactive,2021-11-07,100215.06,david.johnson@example.com,Good,True
EMP2017,Charlie,Williams,40.0,Finance-New York,Active,2023-10-04,114587.11,charlie.williams@example.com,Average,False
EMP2018,Alice,Garcia,30.0,HR-Florida,Inactive,2024-12-16,71318.79,alice.garcia@example.com,Good,True
EMP2019,Heidi,Jones,30.0,DevOps-Illinois,Pending,2021-02-22,77764.24,heidi.jones@example.com,Average,False
